PLAYER,BA00,BA01,BA02,BA03,BA04,BA05,BA06,BA07,BA08,BA09,BA10,BA11,BA12,BA13,BA14,BA15,BA16,BA17,BA18,BA19,MLBAMID,FirstName,LastName,BirthDate,Team,Jersey,BirthCity,BirthState,BirthCountry,ProDebut
Dave Roberts,,,0.277,0.25,0.254,0.275,0.293,0.26,,,,,,,,,,,,,,,,1972-05-31,,,Panama,Panama,Panama,1999-08-07
Ramon Hernandez,0.241,0.254,0.233,0.273,0.276,0.29,0.275,0.258,0.257,0.258,0.297,0.282,,,,,,,,,,,,1976-05-20,,,Carolina,SEE BIRTH COUNTRY,Puerto Rico,1999-06-29
Bernie Williams,0.307,0.307,0.333,0.263,0.262,0.249,0.281,,,,,,,,,,,,,,,,,1968-09-13,,,Alameda,CA,USA,1991-07-07
Reggie Sanders,0.232,0.263,0.25,0.285,0.26,0.271,0.246,,,,,,,,,,,,,,,,,1967-12-01,,,Birmingham,AL,USA,1991-08-22
Brian Giles,0.315,0.309,0.298,0.299,0.284,0.301,0.263,0.271,0.306,0.191,,,,,,,,,,,,,,1960-04-27,,,Manhattan,KS,USA,1981-09-12
Edgar Martinez,0.324,0.306,0.277,0.294,0.263,,,,,,,,,,,,,,,,,,,1963-01-02,,,New York,NY,USA,1987-09-12
Barry Bonds,0.306,0.328,0.37,0.341,0.362,,0.27,0.276,,,,,,,,,,,,,,,,1964-07-24,,,Riverside,CA,USA,1986-05-30
B.J. Surhoff,0.291,0.271,,0.295,0.309,0.257,,,,,,,,,,,,,,,,,,1964-08-04,,,Brox,NY,USA,1987-04-08
Rafael Palmeiro,0.288,0.273,0.273,0.26,0.258,0.266,,,,,,,,,,,,,,,,,,1964-09-24,,,La Habana,SEE BIRTH COUNTRY,Cuba,1986-09-08
Mark McLemore,0.245,0.286,0.27,0.233,0.248,,,,,,,,,,,,,,,,,,,1964-10-04,,,San Diego,CA,USA,1986-09-13
Steve Finley,0.28,0.275,0.287,0.287,0.271,0.222,0.246,,,,,,,,,,,,,,,,,1965-03-12,,,Union City,TN,USA,1989-04-03
Todd Zeile,0.268,0.266,0.273,0.227,0.233,,,,,,,,,,,,,,,,,,,1965-09-09,,,Van Nuys,CA,USA,1989-08-18
Craig Biggio,0.268,0.292,0.253,0.264,0.281,0.264,0.246,0.251,,,,,,,,,,,,,,,,1965-12-14,,,Smithtown,NY,USA,1988-06-26
Jeff Conine,0.284,0.311,0.273,0.282,0.28,0.304,0.268,0.254,,,,,,,,,,,,,,,,1966-06-27,,,Tacoma,WA,USA,1990-09-16
Moises Alou,0.355,0.331,0.275,0.28,0.293,0.321,0.301,0.341,,,,,,,,,,,,,,,,1966-07-03,,,Atlanta,GA,USA,1990-07-26
Larry Walker,0.309,0.35,0.338,0.284,0.298,0.289,,,,,,,,,,,,,,,,,,1966-12-01,,,Maple Ridge,BC,Canada,1989-08-16
Brian Jordan,0.264,0.295,0.285,0.299,0.222,0.247,,,,,,,,,,,,,,,,,,1967-03-29,,,Baltimore,MD,USA,1992-04-08
Marquis Grissom,0.244,0.221,0.277,0.3,0.279,,,,,,,,,,,,,,,,,,,1967-04-17,,,Atlanta,GA,USA,1989-08-22
Omar Vizquel,0.287,0.255,0.275,0.244,0.291,0.271,0.295,0.246,0.222,,0.276,,,,,,,,,,,,,1967-04-24,,,Caracas,Distrito Federal,Venezuela,1989-04-03
Kenny Lofton,0.278,0.261,0.261,0.296,0.275,0.335,0.301,0.296,,,,,,,,,,,,,,,,1967-05-31,,,East Chicago,IN,USA,1991-09-14
Vinny Castilla,0.221,0.26,0.232,0.277,0.271,0.253,0.229,,,,,,,,,,,,,,,,,1967-07-04,,,Oaxaca,Oaxaca,Mexico,1991-09-01
Rey Sanchez,0.273,0.281,0.286,0.25,0.246,,,,,,,,,,,,,,,,,,,1967-10-05,,,Rio Piedras,SEE BIRTH COUNTRY,Puerto Rico,1991-09-08
Tino Martinez,0.258,0.28,0.262,0.273,0.262,0.241,,,,,,,,,,,,,,,,,,1967-12-07,,,Tampa,FL,USA,1990-08-20
J.T. Snow,0.284,0.246,0.246,0.273,0.327,0.275,,,,,,,,,,,,,,,,,,1968-02-26,,,Long Beach,CA,USA,1992-09-20
Matt Stairs,0.227,0.25,0.244,0.292,0.267,0.275,0.247,0.289,0.252,,,,,,,,,,,,,,,1968-02-27,,,St. John,NB,Canada,1992-05-29
Jeff Kent,0.334,0.298,0.313,0.297,0.289,0.289,0.292,0.302,0.28,,,,,,,,,,,,,,,1968-03-07,,,Bellflower,CA,USA,1992-04-12
Frank Thomas,0.328,,0.252,0.267,0.271,,0.27,0.277,0.24,,,,,,,,,,,,,Frank,Thomas,1968-05-27,,,Columbia,GA,USA,1990-08-02
Jeff Bagwell,0.31,0.288,0.291,0.278,0.266,,,,,,,,,,,,,,,,,,,1968-05-27,,,Boston,MA,USA,1991-04-08
John Olerud,0.285,0.302,0.3,0.269,0.259,,,,,,,,,,,,,,,,,,,1968-08-05,,,Seattle,WA,USA,1989-09-03
Tim Salmon,0.29,0.227,0.286,0.275,,,0.265,,,,,,,,,,,,,,,,,1968-08-24,,,Long Beach,CA,USA,1992-08-21
Mike Piazza,0.324,0.3,0.28,0.286,0.266,0.251,0.283,0.275,,,,,,,,,,,,,,,,1968-09-04,,,Norristown,PA,USA,1992-09-01
Sammy Sosa,0.32,0.328,0.288,0.279,0.253,0.221,,0.252,,,,,,,,,,,,,,,,1968-11-12,,,San Pedro de Macoris,SEE BIRTH COUNTRY,Dominican Republic,1989-06-16
Gary Sheffield,0.325,0.311,0.307,0.33,0.29,0.291,,0.265,0.225,0.276,,,,,,,,,,,,,,1968-11-18,,,Tampa,FL,USA,1988-09-03
Orlando Palmeiro,0.3,0.243,0.3,0.271,,0.284,,,,,,,,,,,,,,,,,,1969-01-19,,,Hoboken,NJ,USA,1995-07-01
Dan Wilson,0.235,0.265,0.295,0.241,0.251,,,,,,,,,,,,,,,,,,,1969-03-25,,,Arlington Heights,IL,USA,1992-09-07
Bret Boone,0.251,0.331,0.278,0.294,0.251,0.221,,,,,,,,,,,,,,,,,,1969-04-06,,,El Cajon,CA,USA,1992-08-19
Brad Ausmus,0.266,0.232,0.257,0.229,0.248,0.258,0.23,0.235,0.218,,,,,,,,,,,,,,,1969-04-14,,,New Haven,CT,USA,1993-07-28
Jeromy Burnitz,0.232,0.251,0.215,0.239,0.283,0.258,0.23,,,,,,,,,,,,,,,,,1969-04-15,,,Westminster,CA,USA,1993-06-21
Jose Hernandez,0.244,0.249,0.288,0.225,0.289,0.231,,,,,,,,,,,,,,,,,,1969-07-14,,,Rio Piedras,SEE BIRTH COUNTRY,Puerto Rico,1991-08-09
Jeff Cirillo,0.326,0.313,0.249,0.205,,,0.319,,,,,,,,,,,,,,,,,1969-09-23,,,Pasadena,CA,USA,1994-05-11
Tony Womack,0.271,0.266,0.271,0.226,0.307,0.249,,,,,,,,,,,,,,,,,,1969-09-25,,,Danville,VA,USA,1993-09-10
Jose Valentin,0.273,0.258,0.249,0.237,0.216,,0.271,,,,,,,,,,,,,,,,,1969-10-12,,,Manati,SEE BIRTH COUNTRY,Puerto Rico,1992-09-17
Damian Miller,0.275,0.271,0.249,0.233,0.272,0.273,0.251,,,,,,,,,,,,,,,,,1969-10-13,,,La Crosse,WI,USA,1997-08-10
Damion Easley,0.259,0.25,0.224,,0.238,0.24,,,0.269,,,,,,,,,,,,,,,1969-11-11,,,New York,NY,USA,1992-08-13
Ken Griffey Jr.,0.271,0.286,,,0.253,0.301,0.252,0.277,0.249,0.214,,,,,,,,,,,,,,1969-11-21,,,Donora,PA,USA,1989-04-03
Scott Hatteberg,0.265,0.245,0.28,0.253,0.284,0.256,0.289,0.31,,,,,,,,,,,,,,,,1969-12-14,,,Salem,OR,USA,1995-09-08
Joe Randa,0.304,0.253,0.282,0.291,0.287,0.276,0.267,,,,,,,,,,,,,,,,,1969-12-18,,,Milwaukee,WI,USA,1995-04-30
Royce Clayton,0.242,0.263,0.251,0.228,0.279,0.27,0.258,,,,,,,,,,,,,,,,,1970-01-02,,,Burbank,CA,USA,1991-09-20
Jim Edmonds,0.295,0.304,0.311,0.275,0.301,0.263,0.257,0.252,0.235,,0.276,,,,,,,,,,,,,1970-06-27,,,Fullerton,CA,USA,1993-09-09
Mark Grudzielanek,0.279,0.271,0.271,0.314,0.307,0.294,0.297,0.302,0.299,,,,,,,,,,,,,,,1970-06-30,,,Milwaukee,WI,USA,1995-04-28
Jorge Posada,0.287,0.277,0.268,0.281,0.272,0.262,0.277,0.338,,0.285,0.248,0.235,,,,,,,,,,,,1970-08-17,,,Santurce,SEE BIRTH COUNTRY,Puerto Rico,1995-09-04
Bobby Higginson,0.3,0.277,0.282,0.235,0.246,,,,,,,,,,,,,,,,,,,1970-08-18,,,Philadelphia,PA,USA,1995-04-26
Craig Counsell,,0.275,0.282,0.234,0.241,0.256,0.255,0.22,0.226,0.285,0.25,,,,,,,,,,,,,1970-08-21,,,South Bend,IN,USA,1995-09-17
Jim Thome,0.269,0.291,0.304,0.266,0.274,,0.288,0.275,0.245,0.249,0.283,0.256,,,,,,,,,,,,1970-08-27,,,Peoria,IL,USA,1991-09-04
Mike Matheny,0.261,0.218,0.244,0.252,0.247,0.242,,,,,,,,,,,,,,,,,,1970-09-22,,,Columbus,OH,USA,1994-04-07
John Mabry,0.235,,0.276,,0.296,0.24,0.205,,,,,,,,,,,,,,,,,1970-10-17,,,Wilmington,DE,USA,1994-04-23
Javy Lopez,0.287,0.267,0.233,0.328,0.316,0.278,0.251,,,,,,,,,,,,,,,,,1970-11-05,,,Ponce,SEE BIRTH COUNTRY,Puerto Rico,1992-09-18
Jason Giambi,0.333,0.342,0.314,0.25,0.208,0.271,0.253,0.236,0.247,0.201,,,,,,,,,,,,,,1971-01-08,,,West Covina,CA,USA,1995-05-08
Phil Nevin,0.303,0.306,0.285,0.279,0.289,0.237,0.239,,,,,,,,,,,,,,,,,1971-01-19,,,Fullerton,CA,USA,1995-06-11
Gregg Zaun,0.274,,,,0.269,0.251,0.272,0.242,0.237,0.26,,,,,,,,,,,,,,1971-04-14,,,Glendale,CA,USA,1995-06-24
Carl Everett,0.3,0.257,0.267,0.287,0.26,0.251,0.227,,,,,,,,,,,,,,,,,1971-06-03,,,Tampa,FL,USA,1993-07-01
Ryan Klesko,0.283,0.286,0.3,0.252,0.291,0.248,,0.26,,,,,,,,,,,,,,,,1971-06-12,,,Westminster,CA,USA,1992-09-12
Chris Gomez,,0.259,0.265,,0.282,0.279,,0.297,,,,,,,,,,,,,,,,1971-06-16,,,Los Angeles,CA,USA,1993-07-19
Michael Tucker,0.267,0.252,0.248,0.262,0.256,0.239,,,,,,,,,,,,,,,,,,1971-06-25,,,South Boston,VA,USA,1995-04-26
Charles Johnson,0.304,0.259,0.217,0.23,0.236,,,,,,,,,,,,,,,,,,,1971-07-20,,,Fort Pierce,FL,USA,1994-05-06
Mark Loretta,0.281,0.289,0.304,0.314,0.335,0.28,0.285,0.287,0.28,,,,,,,,,,,,,,,1971-08-14,,,Santa Monica,CA,USA,1995-09-04
Henry Blanco,0.236,0.21,0.204,,0.206,,0.266,,,0.235,,,,,,,,,,,,,,1971-08-29,,,Caracas,Distrito Federal,Venezuela,1997-07-25
Rich Aurilia,0.271,0.324,0.257,0.277,0.246,0.282,0.3,0.252,0.283,,,,,,,,,,,,,,,1971-09-02,,,Brooklyn,NY,USA,1995-09-06
Kevin Millar,0.259,0.314,0.306,0.276,0.297,0.272,0.272,0.254,0.234,0.223,,,,,,,,,,,,,,1971-09-24,,,Los Angeles,CA,USA,1998-04-11
Ivan Rodriguez,0.347,0.308,0.314,0.297,0.334,0.276,0.3,0.281,0.276,0.249,0.266,,,,,,,,,,,,,1971-11-27,,,Manati,SEE BIRTH COUNTRY,Puerto Rico,1991-06-20
Matt Lawton,0.305,0.277,0.236,0.249,0.277,0.254,,,,,,,,,,,,,,,,,,1971-11-30,,,Gulfport,MS,USA,1995-09-05
Ray Durham,0.28,0.267,0.289,0.285,0.282,0.29,0.293,0.218,0.289,,,,,,,,,,,,,,,1971-11-30,,,Charlotte,NC,USA,1995-04-26
Mike Lieberthal,0.278,,0.279,0.313,0.271,0.263,0.273,,,,,,,,,,,,,,,,,1972-01-18,,,Glendale,CA,USA,1994-06-30
Melvin Mora,0.275,0.25,0.233,0.317,0.34,0.283,0.274,0.274,0.285,0.26,0.285,,,,,,,,,,,,,1972-02-02,,,Agua Negra,Yaracuy,Venezuela,1999-05-30
Rondell White,0.311,0.307,0.24,0.289,0.27,0.313,0.246,,,,,,,,,,,,,,,,,1972-02-23,,,Milledgeville,GA,USA,1993-09-01
Jason Varitek,0.248,,0.266,0.273,0.296,0.281,0.238,0.255,0.22,0.209,,0.221,,,,,,,,,,,,1972-04-11,,,Rochester,MI,USA,1997-09-24
Paul Lo Duca,,0.32,0.281,0.273,0.286,0.283,0.318,0.272,,,,,,,,,,,,,,,,1972-04-12,,,Brooklyn,NY,USA,1998-06-21
Chipper Jones,0.311,0.33,0.327,0.305,0.248,0.296,0.324,0.337,0.364,0.264,0.265,0.275,0.287,,,,,,,,,,,1972-04-24,,,DeLand,FL,USA,1993-09-11
Manny Ramirez,0.351,0.306,0.349,0.325,0.308,0.292,0.321,0.296,0.332,0.29,0.298,,,,,,,,,,,,,1972-05-30,,,Santo Domingo,SEE BIRTH COUNTRY,Dominican Republic,1993-09-02
Raul Ibanez,,0.28,0.294,0.294,0.304,0.28,0.289,0.291,0.293,0.272,0.275,0.245,0.24,0.242,0.167,,,,,,,,,1972-06-02,,,New York,NY,USA,1996-08-01
Tony Graffanino,,,0.262,0.26,0.263,0.309,0.274,0.238,,,,,,,,,,,,,,,,1972-06-06,,,Amityville,NY,USA,1996-04-19
Tony Clark,0.274,0.287,0.207,0.232,0.221,0.304,,0.249,,,,,,,,,,,,,,,,1972-06-15,,,Newton,KS,USA,1995-09-03
Juan Castro,0.241,0.223,,0.253,0.244,0.257,0.251,,,,,,,,,,,,,,,,,1972-06-20,,,Los Mochis,Sinaloa,Mexico,1995-09-02
Carlos Delgado,0.344,0.279,0.277,0.302,0.269,0.301,0.265,0.258,0.271,,,,,,,,,,,,,,,1972-06-25,,,Aguadilla,SEE BIRTH COUNTRY,Puerto Rico,1993-10-01
Garret Anderson,0.286,0.289,0.306,0.315,0.301,0.283,0.28,0.297,0.293,0.268,,,,,,,,,,,,,,1972-06-30,,,Los Angeles,CA,USA,1994-07-27
David Bell,0.247,0.26,0.261,0.195,0.291,0.248,0.27,,,,,,,,,,,,,,,,,1972-09-14,,,Cincinnati,OH,USA,1995-05-03
Scott Spiezio,0.242,0.271,0.285,0.265,0.215,,0.272,0.269,,,,,,,,,,,,,,,,1972-09-21,,,Joliet,IL,USA,1996-09-14
Deivi Cruz,0.302,0.256,0.263,0.25,0.292,0.265,,,,,,,,,,,,,,,,,,1972-11-06,,,Bani,SEE BIRTH COUNTRY,Dominican Republic,1997-04-01
Shawn Green,0.269,0.297,0.285,0.28,0.266,0.286,0.277,0.291,,,,,,,,,,,,,,,,1972-11-10,,,Des Plaines,IL,USA,1993-09-28
Jay Payton,0.291,0.255,0.303,0.302,0.26,0.267,0.296,0.256,0.243,,,,,,,,,,,,,,,1972-11-22,,,Zanesville,OH,USA,1998-09-01
Cliff Floyd,0.3,0.317,0.288,0.29,0.26,0.273,0.244,0.284,0.268,,,,,,,,,,,,,,,1972-12-05,,,Chicago,IL,USA,1993-09-18
Mike Cameron,0.267,0.267,0.239,0.253,0.231,0.273,0.268,0.242,0.243,0.25,,0.203,,,,,,,,,,,,1973-01-08,,,La Grange,GA,USA,1995-08-27
Aaron Boone,0.285,0.294,0.241,0.267,,0.243,0.251,,0.241,,,,,,,,,,,,,,,1973-03-09,,,La Mesa,CA,USA,1997-06-20
Todd Hollandsworth,0.269,,0.284,0.254,,0.244,0.246,,,,,,,,,,,,,,,,,1973-04-20,,,Dayton,OH,USA,1995-04-25
Geoff Blum,0.283,0.236,0.283,0.262,0.215,0.229,0.254,0.252,0.24,0.247,0.267,,,,,,,,,,,,,1973-04-26,,,Redwood City,CA,USA,1999-08-09
Todd Walker,0.29,0.296,0.299,0.283,0.274,0.305,0.278,,,,,,,,,,,,,,,,,1973-05-25,,,Bakersfield,CA,USA,1996-08-30
Neifi Perez,0.287,0.279,0.236,0.256,0.255,0.274,0.243,,,,,,,,,,,,,,,,,1973-06-02,,,Villa Mella,SEE BIRTH COUNTRY,Dominican Republic,1996-08-31
Corey Koskie,0.3,0.276,0.267,0.292,0.251,0.249,0.261,,,,,,,,,,,,,,,,,1973-06-28,,,Anola,MB,Canada,1998-09-09
Mike Sweeney,0.333,0.304,0.34,0.293,0.287,0.3,0.258,0.26,,0.281,,,,,,,,,,,,,,1973-07-22,,,Orange,CA,USA,1995-09-04
Nomar Garciaparra,0.372,,0.31,0.301,0.308,0.283,0.303,0.283,,,,,,,,,,,,,,,,1973-07-23,,,Whittier,CA,USA,1996-08-31
Todd Helton,0.372,0.336,0.329,0.358,0.347,0.32,0.302,0.32,0.264,0.325,0.256,0.302,0.238,0.249,,,,,,,,,,1973-08-20,,,Knoxville,TN,USA,1997-08-02
Casey Blake,,,,0.257,0.271,0.241,0.282,0.27,0.274,0.28,0.248,0.252,,,,,,,,,,,,1973-08-23,,,Des Moines,IA,USA,1999-08-14
Desi Relaford,0.215,0.302,0.267,0.254,0.221,0.224,,,,,,,,,,,,,,,,,,1973-09-16,,,Valdosta,GA,USA,1996-08-01
Dmitri Young,0.303,0.302,0.284,0.297,0.272,0.271,,0.32,,,,,,,,,,,,,,,,1973-10-11,,,Vicksburg,MS,USA,1996-08-29
Ichiro Suzuki,,0.35,0.321,0.312,0.372,0.303,0.322,0.351,0.31,0.352,0.315,0.272,0.283,0.262,0.284,0.229,0.291,,,,,,,1973-10-22,,,Nichi Kasugai-gun,SEE BIRTH COUNTRY,Japan,2001-04-02
David Dellucci,,0.276,0.245,0.227,0.242,0.251,0.292,,0.238,,,,,,,,,,,,,,,1973-10-31,,,Baton Rouge,LA,USA,1997-06-03
Johnny Damon,0.327,0.256,0.286,0.273,0.304,0.316,0.285,0.27,0.303,0.282,0.271,0.261,0.222,,,,,,,,,,,1973-11-05,,,Fort Riley,KS,USA,1995-08-12
Edgardo Alfonzo,0.324,0.243,0.308,0.259,0.289,0.277,,,,,,,,,,,,,,,,,,1973-11-08,,,Santa Teresa del Tuy,Miranda,Venezuela,1995-04-26
Ricky Ledee,0.236,0.231,0.227,0.247,,0.278,,,,,,,,,,,,,,,,,,1973-11-22,,,Ponce,SEE BIRTH COUNTRY,Puerto Rico,1998-06-14
Tony Batista,0.263,0.238,0.244,0.235,0.241,,,,,,,,,,,,,,,,,,,1973-12-09,,,Puerto Plata,SEE BIRTH COUNTRY,Dominican Republic,1996-06-03
Marlon Anderson,,0.293,0.258,0.27,0.237,0.264,0.297,,,,,,,,,,,,,,,,,1974-01-06,,,Montgomery,AL,USA,1998-09-08
Jermaine Dye,0.321,0.282,0.252,0.172,0.265,0.274,0.315,0.254,0.292,0.25,,,,,,,,,,,,,,1974-01-28,,,Oakland,CA,USA,1996-05-17
Magglio Ordonez,0.315,0.305,0.32,0.317,0.292,0.302,0.298,0.363,0.317,0.31,0.303,0.255,,,,,,,,,,,,1974-01-28,,,Caracas,Distrito Federal,Venezuela,1997-08-29
Jamey Carroll,,,,0.26,0.289,0.251,0.3,0.225,0.277,0.276,0.291,0.29,0.268,0.211,,,,,,,,,,1974-02-18,,,Evansville,IN,USA,2002-09-11
Mike Lowell,0.27,0.283,0.276,0.276,0.293,0.236,0.284,0.324,0.274,0.29,0.239,,,,,,,,,,,,,1974-02-24,,,San Juan,SEE BIRTH COUNTRY,Puerto Rico,1998-09-13
Shannon Stewart,0.319,0.316,0.303,0.307,0.304,0.274,,0.29,,,,,,,,,,,,,,,,1974-02-25,,,Cincinnati,OH,USA,1995-09-02
Bobby Abreu,0.316,0.289,0.308,0.3,0.301,0.286,0.297,0.283,0.296,0.293,0.255,0.253,0.242,,,,,,,,,,,1974-03-11,,,Maracay,Aragua,Venezuela,1996-09-01
Robert Fick,,0.272,0.27,0.269,0.199,0.265,,,,,,,,,,,,,,,,,,1974-03-15,,,Torrance,CA,USA,1998-09-19
Jason LaRue,,0.236,0.249,0.23,0.251,0.26,,,,,,,,,,,,,,,,,,1974-03-19,,,Houston,TX,USA,1999-06-15
Trot Nixon,0.276,0.28,0.256,0.306,,0.275,0.268,0.251,,,,,,,,,,,,,,,,1974-04-11,,,Durham,NC,USA,1996-09-21
Jose Cruz Jr.,0.242,0.274,0.245,0.25,0.242,0.251,0.233,0.234,,,,,,,,,,,,,,,,1974-04-19,,,Puerto Rico,SEE BIRTH COUNTRY,Puerto Rico,1997-05-31
Frank Catalanotto,0.291,0.33,0.269,0.299,0.293,0.301,0.3,0.26,0.274,,,,,,,,,,,,,,,1974-04-27,,,Smithtown,NY,USA,1997-09-03
Miguel Cairo,0.261,,,0.245,0.292,0.251,0.239,,0.249,,,0.265,,,,,,,,,,,,1974-05-04,,,Anaco,Anzoategui,Venezuela,1996-04-17
Miguel Tejada,0.275,0.267,0.308,0.278,0.311,0.304,0.33,0.296,0.283,0.313,0.269,0.239,,,,,,,,,,,,1974-05-25,,,Bani,SEE BIRTH COUNTRY,Dominican Republic,1997-08-27
Darin Erstad,0.355,0.258,0.283,0.252,0.295,0.273,,0.248,0.276,,,,,,,,,,,,,,,1974-06-04,,,Jamestown,ND,USA,1996-06-14
Randy Winn,,0.273,0.298,0.295,0.286,0.306,0.262,0.3,0.306,0.262,0.239,,,,,,,,,,,,,1974-06-09,,,Los Angeles,CA,USA,1998-05-11
Hideki Matsui,,,,0.287,0.298,0.305,,0.285,0.294,0.274,0.274,0.251,,,,,,,,,,,,1974-06-12,,,Nomi,SEE BIRTH COUNTRY,Japan,2003-03-31
Doug Mientkiewicz,,0.306,0.261,0.3,0.238,0.24,0.283,,0.277,,,,,,,,,,,,,,,1974-06-19,,,Toledo,OH,USA,1998-09-18
Derek Jeter,0.339,0.311,0.297,0.324,0.292,0.309,0.343,0.322,0.3,0.334,0.27,0.297,0.316,,0.256,,,,,,,,,1974-06-26,,,Pequannock,NJ,USA,1995-05-29
Jason Kendall,0.32,0.266,0.283,0.325,0.319,0.271,0.295,0.242,0.246,0.241,0.256,,,,,,,,,,,,,1974-06-26,,,San Diego,CA,USA,1996-04-01
Sean Casey,0.315,0.31,0.261,0.291,0.324,0.312,0.272,0.296,,,,,,,,,,,,,,,,1974-07-02,,,Willingboro,NJ,USA,1997-09-12
Preston Wilson,0.264,0.274,0.243,0.282,0.248,0.26,0.263,,,,,,,,,,,,,,,,,1974-07-19,,,Bamberg,SC,USA,1998-05-07
Bengie Molina,0.281,0.262,0.245,0.281,0.276,0.295,0.284,0.276,0.292,0.265,0.249,,,,,,,,,,,,,1974-07-20,,,Rio Piedras,SEE BIRTH COUNTRY,Puerto Rico,1998-09-21
Geoff Jenkins,0.303,0.264,0.243,0.296,0.264,0.292,0.271,0.255,0.246,,,,,,,,,,,,,,,1974-07-21,,,Olympia,WA,USA,1998-04-24
Mark Bellhorn,,,0.258,0.221,0.264,0.21,0.19,,,,,,,,,,,,,,,,,1974-08-23,,,South Weymouth,MA,USA,1997-06-10
Gary Matthews Jr.,,0.227,0.275,0.248,0.275,0.255,0.313,0.252,0.242,0.25,,,,,,,,,,,,,,1974-08-25,,,San Francisco,CA,USA,1999-06-04
Jose Vidro,0.33,0.319,0.315,0.31,0.294,0.275,0.289,0.314,0.234,,,,,,,,,,,,,,,1974-08-27,,,Mayaguez,SEE BIRTH COUNTRY,Puerto Rico,1997-06-08
John McDonald,,,0.25,0.215,,,0.223,0.251,,,,0.229,,,,,,,,,,,,1974-09-24,,,Throop,PA,USA,1999-07-04
Orlando Cabrera,0.237,0.276,0.263,0.297,0.264,0.257,0.282,0.301,0.281,0.284,0.263,0.238,,,,,,,,,,,,1974-11-02,,,Cartagena,Bolivar,Colombia,1997-09-03
Richie Sexson,0.272,0.271,0.279,0.272,,0.263,0.264,0.205,0.221,,,,,,,,,,,,,,,1974-12-29,,,Portland,OR,USA,1997-09-14
Brad Fullmer,0.295,0.274,0.289,0.306,0.233,,,,,,,,,,,,,,,,,,,1975-01-17,,,Chatsworth,CA,USA,1997-09-02
David Eckstein,,0.285,0.293,0.252,0.276,0.294,0.292,0.309,0.265,0.26,0.267,,,,,,,,,,,,,1975-01-20,,,Sanford,FL,USA,2001-04-03
Vladimir Guerrero,0.345,0.307,0.336,0.33,0.337,0.317,0.329,0.324,0.303,0.295,0.3,0.29,,,,,,,,,,,,1975-02-09,,,Nizao,SEE BIRTH COUNTRY,Dominican Republic,1996-09-19
Mark DeRosa,,,0.297,0.263,0.239,,0.296,0.293,0.285,0.25,,,,0.235,,,,,,,,,,1975-02-26,,,Passaic,NJ,USA,1998-09-02
Scott Rolen,0.298,0.289,0.266,0.286,0.314,,0.296,0.265,0.262,0.305,0.285,0.242,0.245,,,,,,,,,,,1975-04-04,,,Evansville,IN,USA,1996-08-01
Ronnie Belliard,0.263,0.264,0.211,0.277,0.282,0.284,0.272,0.29,0.287,0.277,,,,,,,,,,,,,,1975-04-07,,,New York,NY,USA,1998-09-12
Jacque Jones,0.285,0.276,0.3,0.304,0.254,0.249,0.285,0.285,,,,,,,,,,,,,,,,1975-04-25,,,San Diego,CA,USA,1999-06-09
Pedro Feliz,,0.227,,0.247,0.276,0.25,0.244,0.253,0.249,0.266,0.218,,,,,,,,,,,,,1975-04-27,,,Azua,SEE BIRTH COUNTRY,Dominican Republic,2000-09-05
Travis Lee,0.235,0.258,0.265,0.275,,0.272,0.224,,,,,,,,,,,,,,,,,1975-05-26,,,San Diego,CA,USA,1998-03-31
Jose Molina,,,,,0.261,,0.24,,0.216,,,,0.223,0.233,0.178,,,,,,,,,1975-06-03,,,Bayamon,SEE BIRTH COUNTRY,USA,1999-09-06
Daryle Ward,0.258,0.263,0.276,,0.249,0.26,,,,,,,,,,,,,,,,,,1975-06-27,,,Lynwood,CA,USA,1998-05-14
Richard Hidalgo,0.314,0.275,0.235,0.309,0.239,0.221,,,,,,,,,,,,,,,,,,1975-06-28,,,Caracas,Distrito Federal,Venezuela,1997-09-01
Torii Hunter,0.28,0.261,0.289,0.25,0.271,0.269,0.278,0.287,0.278,0.299,0.281,0.262,0.313,0.304,0.286,0.24,,,,,,,,1975-07-18,,,Pine Bluff,AR,USA,1997-08-22
Alex Rodriguez,0.316,0.318,0.3,0.298,0.286,0.321,0.29,0.314,0.302,0.286,0.27,0.276,0.272,,,0.25,0.2,,,,,,,1975-07-27,,,New York,NY,USA,1994-07-08
Shea Hillenbrand,,0.263,0.293,0.28,0.31,0.291,0.277,0.251,,,,,,,,,,,,,,,,1975-07-27,,,Mesa,AZ,USA,2001-04-02
Gabe Kapler,0.302,0.267,0.279,0.271,0.272,,,,0.301,0.239,,,,,,,,,,,,,,1975-07-31,,,Hollywood,CA,USA,1998-09-20
Mike Lamb,0.278,0.306,0.283,,0.288,0.236,0.307,0.289,0.235,,,,,,,,,,,,,,,1975-08-09,,,West Covina,CA,USA,2000-04-23
Morgan Ensberg,,,,0.291,0.275,0.283,0.235,0.23,,,,,,,,,,,,,,,,1975-08-26,,,Redondo Beach,CA,USA,2000-09-20
Rod Barajas,,,,0.218,0.249,0.254,0.256,,0.249,0.226,0.24,0.23,0.206,,,,,,,,,,,1975-09-05,,,Ontario,CA,USA,1999-09-25
Derrek Lee,0.281,0.282,0.27,0.271,0.278,0.335,,0.317,0.291,0.306,0.26,0.267,,,,,,,,,,,,1975-09-06,,,Sacramento,CA,USA,1997-04-28
Carlos Guillen,0.257,0.259,0.261,0.276,0.318,0.32,0.32,0.296,0.286,0.242,0.273,,,,,,,,,,,,,1975-09-30,,,Maracay,Aragua,Venezuela,1998-09-06
Placido Polanco,0.316,0.307,0.288,0.289,0.298,0.331,0.295,0.341,0.307,0.285,0.298,0.277,0.257,0.26,,,,,,,,,,1975-10-10,,,Santo Domingo,SEE BIRTH COUNTRY,Dominican Republic,1998-07-03
Alex Cora,0.238,0.217,0.291,0.249,0.264,0.232,0.238,0.246,,0.251,,,,,,,,,,,,,,1975-10-18,,,Caguas,SEE BIRTH COUNTRY,Puerto Rico,1998-06-07
Toby Hall,,,0.258,0.253,0.255,0.287,0.259,,,,,,,,,,,,,,,,,1975-10-21,,,Tacoma,WA,USA,2000-09-15
Kazuo Matsui,,,,,0.272,0.255,0.267,0.288,0.293,0.25,,,,,,,,,,,,,,1975-10-23,,,Higashi-Osaka,SEE BIRTH COUNTRY,Japan,2004-04-06
Marco Scutaro,,,,,0.273,0.247,0.266,0.26,0.267,0.282,0.275,0.299,0.306,0.297,,,,,,,,,,1975-10-30,,,San Felipe,Yaracuy,Venezuela,2002-07-21
Julio Lugo,0.283,0.263,0.261,0.271,0.275,0.295,0.278,0.237,0.268,0.28,0.249,,,,,,,,,,,,,1975-11-16,,,Barahona,SEE BIRTH COUNTRY,Dominican Republic,2000-04-15
David Ortiz,0.282,0.234,0.272,0.288,0.301,0.3,0.287,0.332,0.264,0.238,0.27,0.309,0.318,0.309,0.263,0.273,0.315,,,,,,,1975-11-18,,,Santo Domingo,SEE BIRTH COUNTRY,Dominican Republic,1997-09-02
J.D. Drew,0.295,0.323,0.252,0.289,0.305,0.286,0.283,0.27,0.28,0.279,0.255,0.222,,,,,,,,,,,,1975-11-20,,,Tallahassee,FL,USA,1998-09-08
Mark Kotsay,0.298,0.291,0.292,0.266,0.314,0.28,0.275,0.214,0.276,,0.239,0.27,,,,,,,,,,,,1975-12-02,,,Whittier,CA,USA,1997-07-11
Russell Branyan,,0.232,0.228,,,0.257,0.228,,,0.251,0.237,,,,,,,,,,,,,1975-12-19,,,Warner Robins,GA,USA,1998-09-26
Alfonso Soriano,,0.268,0.3,0.29,0.28,0.268,0.277,0.299,0.28,0.241,0.258,0.244,0.262,0.255,0.221,,,,,,,,,1976-01-07,,,San Pedro de Macoris,SEE BIRTH COUNTRY,Dominican Republic,1999-09-14
Adam Kennedy,0.266,0.27,0.312,0.269,0.278,0.3,0.273,0.219,0.28,0.289,0.249,0.234,,,,,,,,,,,,1976-01-10,,,Riverside,CA,USA,1999-08-21
Lance Berkman,0.297,0.331,0.292,0.288,0.316,0.293,0.315,0.278,0.312,0.274,0.248,0.301,,0.242,,,,,,,,,,1976-02-10,,,Waco,TX,USA,1999-07-16
Eric Byrnes,,,,0.263,0.283,0.226,0.267,0.286,0.209,0.226,,,,,,,,,,,,,,1976-02-16,,,Redwood City,CA,USA,2000-08-22
Terrence Long,0.288,0.283,0.24,0.245,0.295,0.279,,,,,,,,,,,,,,,,,,1976-02-29,,,Montgomery,AL,USA,1999-04-14
Paul Konerko,0.298,0.282,0.304,0.234,0.277,0.283,0.313,0.259,0.24,0.277,0.312,0.3,0.298,0.244,0.207,,,,,,,,,1976-03-05,,,Providence,RI,USA,1997-09-08
Juan Encarnacion,0.289,0.242,0.271,0.27,0.236,0.287,0.278,0.283,,,,,,,,,,,,,,,,1976-03-08,,,Las Matas de Farfan,SEE BIRTH COUNTRY,Dominican Republic,1997-09-02
Scott Podsednik,,,,0.314,0.244,0.29,0.261,0.243,,0.304,0.297,,,,,,,,,,,,,1976-03-18,,,West,TX,USA,2001-07-06
Jason Michaels,,,,,0.274,0.304,0.267,0.27,0.224,,,,,,,,,,,,,,,1976-05-04,,,Tampa,FL,USA,2001-04-06
Wes Helms,,0.222,0.243,0.261,0.263,,0.329,0.246,0.243,0.271,0.22,,,,,,,,,,,,,1976-05-12,,,Gastonia,NC,USA,1998-09-05
Jose Guillen,0.253,,0.238,0.311,0.294,0.283,0.216,0.29,0.264,0.242,0.258,,,,,,,,,,,,,1976-05-17,,,San Cristobal,SEE BIRTH COUNTRY,Dominican Republic,1997-04-01
Jerry Hairston Jr.,,0.233,0.268,0.271,0.303,0.261,,,0.326,0.251,0.244,0.27,0.273,0.211,,,,,,,,,,1976-05-29,,,Des Moines,OH,USA,1998-09-11
Carlos Lee,0.301,0.269,0.264,0.291,0.305,0.265,0.3,0.303,0.314,0.3,0.246,0.275,0.264,,,,,,,,,,,1976-06-20,,,Aguadulce,Cocle,Panama,1999-05-07
Rob Mackowiak,,0.266,0.244,,0.246,0.272,0.29,0.263,,,,,,,,,,,,,,,,1976-06-20,,,Oak Lawn,IL,USA,2001-05-19
Johnny Estrada,,0.228,,,0.314,0.261,0.302,0.278,,,,,,,,,,,,,,,,1976-06-27,,,Hayward,CA,USA,2001-05-15
Troy Glaus,0.284,0.25,0.25,0.248,0.251,0.258,0.252,0.262,0.27,,0.24,,,,,,,,,,,,,1976-08-03,,,Tarzana,CA,USA,1998-07-31
Bobby Kielty,,,0.291,0.244,0.214,0.263,0.27,,,,,,,,,,,,,,,,,1976-08-05,,,Fontana,CA,USA,2001-04-10
Edgar Renteria,0.278,0.26,0.305,0.33,0.287,0.276,0.293,0.332,0.27,0.25,0.276,0.251,,,,,,,,,,,,1976-08-07,,,Barranquilla,Atlantico,Colombia,1996-05-10
Ramon Vazquez,,,0.274,0.261,,,,0.23,0.29,0.23,,,,,,,,,,,,,,1976-08-21,,,Aibonito,SEE BIRTH COUNTRY,Puerto Rico,2001-09-07
Ben Broussard,,,,0.249,0.275,0.255,0.289,0.275,,,,,,,,,,,,,,,,1976-09-24,,,Beaumont,TX,USA,2002-06-22
Pat Burrell,0.26,0.258,0.282,0.209,0.257,0.281,0.258,0.256,0.25,0.221,0.252,,,,,,,,,,,,,1976-10-10,,,Eureka Springs,AR,USA,2000-05-24
Michael Young,,0.249,0.262,0.306,0.313,0.331,0.314,0.315,0.284,0.322,0.284,0.338,0.277,0.279,,,,,,,,,,1976-10-19,,,Covina,CA,USA,2000-09-29
Michael Barrett,0.214,0.25,0.263,0.208,0.287,0.276,0.307,0.244,,,,,,,,,,,,,,,,1976-10-22,,,Atlanta,GA,USA,1998-09-19
Brian Schneider,,,0.275,0.23,0.257,0.268,0.256,0.235,0.257,,,,,,,,,,,,,,,1976-11-26,,,Jacksonville,FL,USA,2000-05-26
Reed Johnson,,,,0.294,0.27,0.269,0.319,0.236,0.303,,0.262,0.309,0.29,,,,,,,,,,,1976-12-08,,,Riverside,CA,USA,2003-04-17
Aaron Miles,,,,,0.293,0.281,0.263,0.29,0.317,,,0.275,,,,,,,,,,,,1976-12-15,,,Pittsburg,CA,USA,2003-09-11
Aubrey Huff,,0.248,0.313,0.311,0.297,0.261,0.267,0.28,0.304,0.241,0.29,0.246,,,,,,,,,,,,1976-12-20,,,Marion,OH,USA,2000-08-02
A.J. Pierzynski,,0.289,0.3,0.312,0.272,0.257,0.295,0.263,0.281,0.3,0.27,0.287,0.278,0.272,0.251,0.3,0.219,,,,,,,1976-12-30,,,Bridgehampton,NY,USA,1996-09-09
Lyle Overbay,,,,0.276,0.301,0.276,0.312,0.24,0.27,0.265,0.243,0.234,,0.24,0.233,,,,,,,,,1977-01-28,,,Centralia,WA,USA,2001-09-19
Adam Everett,,,,0.256,0.273,0.248,0.239,0.232,,0.238,,,,,,,,,,,,,,1977-02-02,,,Austell,GA,USA,2001-08-30
Craig Monroe,,,,0.24,0.293,0.277,0.255,0.219,,,,,,,,,,,,,,,,1977-02-27,,,Texarkana,TX,USA,2001-07-28
Jay Gibbons,,0.236,0.247,0.277,0.246,0.277,0.277,0.23,,,,,,,,,,,,,,,,1977-03-02,,,Rochester,MI,USA,2001-04-06
Marcus Thames,,,,,,,0.256,0.242,0.241,0.252,0.288,,,,,,,,,,,,,1977-03-06,,,Louisville,MS,USA,2002-06-10
Andruw Jones,0.303,0.251,0.264,0.277,0.261,0.263,0.262,0.222,0.158,0.214,0.23,,0.197,,,,,,,,,,,1977-04-23,,,Willemstad,SEE BIRTH COUNTRY,Curacao,1996-08-15
Carlos Beltran,0.247,0.306,0.273,0.307,0.267,0.266,0.275,0.276,0.284,0.325,0.255,0.3,0.269,0.296,0.233,0.276,0.295,0.231,,,,,,1977-04-24,,,Manati,SEE BIRTH COUNTRY,Puerto Rico,1998-09-14
Brandon Inge,,,0.202,0.203,0.287,0.261,0.253,0.236,0.205,0.23,0.247,0.197,0.218,,,,,,,,,,,1977-05-19,,,Lynchburg,VA,USA,2001-04-03
Brad Wilkerson,,,0.266,0.268,0.255,0.248,0.222,0.234,0.22,,,,,,,,,,,,,,,1977-06-01,,,Owensboro,KY,USA,2001-07-12
Travis Hafner,,,,0.254,0.311,0.305,0.308,0.266,,0.272,0.278,0.28,0.228,0.202,,,,,,,,,,1977-06-03,,,Jamestown,ND,USA,2002-08-06
Mark Ellis,,,0.272,0.248,,0.316,0.249,0.276,0.233,0.263,0.291,0.248,0.258,0.27,,,,,,,,,,1977-06-06,,,Rapid City,SD,USA,2002-04-09
Eric Hinske,,,0.279,0.243,0.246,0.262,0.271,,0.247,,0.256,0.233,,,,,,,,,,,,1977-08-05,,,Menasha,WI,USA,2002-04-01
Juan Pierre,,0.327,0.287,0.305,0.326,0.276,0.292,0.293,0.283,0.308,0.275,0.279,0.307,0.247,,,,,,,,,,1977-08-14,,,Mobile,AL,USA,2000-08-07
Aaron Rowand,,,0.258,,0.31,0.27,0.262,0.309,0.271,0.261,0.23,0.233,,,,,,,,,,,,1977-08-29,,,Portland,OR,USA,2001-06-16
Marlon Byrd,,,,0.303,0.228,0.266,,0.307,0.298,0.283,0.293,0.276,,0.291,0.264,0.247,,,,,,,,1977-08-30,,,Boynton Beach,FL,USA,2002-09-08
Brian Roberts,,0.253,,0.27,0.273,0.314,0.286,0.29,0.296,0.283,0.278,,,0.249,0.237,,,,,,,,,1977-10-09,,,Durham,NC,USA,2001-06-14
Ty Wigginton,,,,0.255,0.261,,0.275,0.278,0.285,0.273,0.248,0.242,0.235,,,,,,,,,,,1977-10-11,,,San Diego,CA,USA,2002-05-16
Rafael Furcal,0.295,0.275,0.275,0.292,0.279,0.284,0.3,0.27,,0.269,0.3,0.231,0.264,,,,,,,,,,,1977-10-24,,,Loma de Cabrera,SEE BIRTH COUNTRY,Dominican Republic,2000-04-04
Nick Punto,,,,,,0.239,0.29,0.21,0.284,0.228,0.238,,,0.255,,,,,,,,,,1977-11-08,,,San Diego,CA,USA,2001-09-09
Willie Bloomquist,,,,,,0.257,0.247,,,0.265,,0.266,0.302,,,,,,,,,,,1977-11-27,,,Bremerton,WA,USA,2002-09-01
Eric Chavez,0.277,0.288,0.275,0.282,0.276,0.269,0.241,0.24,,,,,0.281,0.281,,,,,,,,,,1977-12-07,,,Los Angeles,CA,USA,1998-09-08
Orlando Hudson,,,,0.268,0.27,0.271,0.287,0.294,0.305,0.283,0.268,0.246,0.204,,,,,,,,,,,1977-12-12,,,Darlington,SC,USA,2002-07-24
Freddy Sanchez,,,,,,0.291,0.344,0.304,0.271,0.293,0.292,0.289,,,,,,,,,,,,1977-12-21,,,Hollywood,CA,USA,2002-09-10
Jack Wilson,,0.223,0.252,0.256,0.308,0.257,0.273,0.296,0.272,0.255,,0.243,,,,,,,,,,,,1977-12-29,,,Westlake Village,CA,USA,2001-04-03
Kevin Mench,,,0.26,,0.279,0.264,0.269,0.267,,,,,,,,,,,,,,,,1978-01-07,,,Wilmington,DE,USA,2002-04-09
Chone Figgins,,,,0.296,0.296,0.29,0.267,0.33,0.276,0.298,0.259,0.188,,,,,,,,,,,,1978-01-22,,,Leary,GA,USA,2002-08-25
Angel Berroa,,,,0.287,0.262,0.27,0.234,,0.23,,,,,,,,,,,,,,,1978-01-27,,,Santo Domingo,SEE BIRTH COUNTRY,Dominican Republic,2001-09-18
Endy Chavez,,,,0.251,0.277,,0.306,,0.267,,,0.301,,0.267,0.276,,,,,,,,,1978-02-07,,,Valencia,Carabobo,Venezuela,2001-05-29
Matt Diaz,,,,,,,0.327,0.338,,0.313,0.25,0.263,,,,,,,,,,,,1978-03-03,,,Portland,OR,USA,2003-07-19
Cristian Guzman,0.247,0.302,0.273,0.268,0.274,0.219,,,0.316,0.284,0.266,,,,,,,,,,,,,1978-03-21,,,Santo Domingo,SEE BIRTH COUNTRY,Dominican Republic,1999-04-06
Milton Bradley,,0.223,0.249,0.321,0.267,0.29,0.276,0.306,0.321,0.257,0.205,,,,,,,,,,,,,1978-04-15,,,Harbor City,CA,USA,2000-07-19
Joe Crede,,,,0.261,0.239,0.252,0.283,,0.248,0.225,,,,,,,,,,,,,,1978-04-26,,,Jefferson City,MO,USA,2000-09-12
Carlos Pena,,,0.242,0.248,0.241,0.235,,0.282,0.247,0.227,0.196,0.225,0.197,0.207,,,,,,,,,,1978-05-17,,,Santo Domingo,SEE BIRTH COUNTRY,Dominican Republic,2001-09-05
Marcus Giles,,0.262,0.23,0.316,0.311,0.291,0.262,0.229,,,,,,,,,,,,,,,,1978-05-18,,,San Diego,CA,USA,2001-04-17
Willie Harris,,,,,0.262,,,0.27,0.251,0.235,0.183,0.246,,,,,,,,,,,,1978-06-22,,,Cairo,GA,USA,2001-09-02
Aramis Ramirez,0.256,0.3,0.234,0.272,0.318,0.302,0.291,0.31,0.289,0.317,0.241,0.306,0.3,0.283,0.285,0.246,,,,,,,,1978-06-25,,,Santo Domingo,SEE BIRTH COUNTRY,Dominican Republic,1998-05-26
Luke Scott,,,,,,,0.336,0.255,0.257,0.258,0.284,0.22,0.229,0.241,,,,,,,,,,1978-06-25,,,De Leon Springs,FL,USA,2005-04-05
Greg Dobbs,,,,,,,,0.272,0.301,,,0.275,0.285,0.228,,,,,,,,,,1978-07-02,,,Los Angeles,CA,USA,2004-09-08
Juan Rivera,,,,,0.307,0.271,0.31,,0.246,0.287,0.252,0.258,0.244,,,,,,,,,,,1978-07-03,,,Guarenas,Miranda,Venezuela,2001-09-04
Ryan Ludwick,,,,,,,,0.267,0.299,0.265,0.251,0.237,0.275,,0.244,,,,,,,,,1978-07-13,,,Satellite Beach,FL,USA,2002-06-05
Miguel Olivo,,,,0.237,0.233,0.217,0.263,0.237,0.255,0.249,0.269,0.224,0.222,,,,,,,,,,,1978-07-15,,,Villa Vasquez,SEE BIRTH COUNTRY,Dominican Republic,2002-09-15
Yorvit Torrealba,,,,,,0.234,0.247,0.255,0.246,0.291,0.271,0.273,,,,,,,,,,,,1978-07-19,,,Caracas,Distrito Federal,Venezuela,2001-09-05
Nick Johnson,,,0.243,0.284,0.251,0.289,0.29,,,0.291,,,,,,,,,,,,,,1978-09-19,,,Sacramento,CA,USA,2001-08-21
Jason Bay,,,,,0.282,0.306,0.286,0.247,0.286,0.267,0.259,0.245,,0.204,,,,,,,,,,1978-09-20,,,Trail,BC,Canada,2003-05-23
Ryan Church,,,,,,0.287,,0.272,0.276,0.273,0.201,,,,,,,,,,,,,1978-10-14,,,Santa Barbara,CA,USA,2004-08-21
Xavier Nady,,,,0.267,,0.261,0.28,0.278,0.305,,0.256,0.248,,,,,,,,,,,,1978-11-14,,,Salinas,CA,USA,2000-09-30
Jimmy Rollins,,0.274,0.245,0.263,0.289,0.29,0.277,0.296,0.277,0.25,0.243,0.268,0.25,0.252,0.243,0.224,,,,,,,,1978-11-27,,,Oakland,CA,USA,2000-09-17
Vernon Wells,,,0.275,0.317,0.272,0.269,0.303,0.245,0.3,0.26,0.273,0.218,0.23,0.233,,,,,,,,,,1978-12-08,,,Shreveport,LA,USA,1999-08-30
Chase Utley,,,,,0.266,0.291,0.309,0.332,0.292,0.282,0.275,0.259,0.256,0.284,0.27,0.212,0.252,0.236,,,,,,1978-12-17,,,Pasadena,CA,USA,2003-04-04
Victor Martinez,,,,,0.283,0.305,0.316,0.301,0.278,0.303,0.302,0.33,,0.301,0.335,0.245,0.289,0.255,0.251,,,,,1978-12-23,,,Ciudad Bolivar,Bolivar,Venezuela,2002-09-10
Jack Cust,,,,,,,,0.256,0.231,0.24,0.272,0.213,,,,,,,,,,,,1979-01-16,,,Flemington,NJ,USA,2001-09-26
Carlos Ruiz,,,,,,,,0.259,0.219,0.255,0.302,0.283,0.325,0.268,0.252,0.211,0.264,,,,,,,1979-01-22,,,David,Chiriqui,Panama,2006-05-06
Josh Willingham,,,,,,,0.277,0.265,0.254,0.26,0.268,0.246,0.26,0.208,0.215,,,,,,,,,1979-02-17,,,Florence,AL,USA,2004-07-06
Clint Barmes,,,,,,0.289,0.22,,0.29,0.245,0.235,0.244,0.229,0.211,,0.232,,,,,,,,1979-03-06,,,Vincennes,IN,USA,2003-09-05
Kevin Youkilis,,,,,0.26,,0.279,0.288,0.312,0.305,0.307,0.258,0.235,,,,,,,,,,,1979-03-15,,,Cincinnati,OH,USA,2004-05-15
Juan Uribe,,0.3,0.24,0.253,0.283,0.252,0.235,0.234,0.247,0.289,0.248,0.204,,0.278,0.311,0.253,0.206,,,,,,,1979-03-22,,,Palenque,SEE BIRTH COUNTRY,Dominican Republic,2001-04-08
Michael Cuddyer,,,,,0.263,0.263,0.284,0.276,0.249,0.276,0.271,0.284,0.26,0.331,,0.259,,,,,,,,1979-03-27,,,Norfolk,VA,USA,2001-09-23
Adrian Beltre,0.29,0.265,0.257,0.24,0.334,0.255,0.268,0.276,0.266,0.265,0.321,0.296,0.321,0.315,0.324,0.287,0.3,0.312,0.273,,,,,1979-04-07,,,Santo Domingo,SEE BIRTH COUNTRY,Dominican Republic,1998-06-24
Jayson Werth,,,,,0.262,0.234,,0.298,0.273,0.268,0.296,0.232,0.3,0.318,0.292,0.221,0.244,0.226,,,,,,1979-05-20,,,Springfield,IL,USA,2002-09-01
Brad Hawpe,,,,,,0.262,0.293,0.291,0.283,0.285,0.245,,,,,,,,,,,,,1979-06-22,,,Fort Worth,TX,USA,2004-05-01
Corey Patterson,,,0.253,0.298,0.266,0.215,0.276,0.269,0.205,,0.269,0.239,,,,,,,,,,,,1979-08-13,,,Atlanta,GA,USA,2000-09-18
Luis Rivas,,0.266,0.256,0.259,0.256,,,,0.218,,,,,,,,,,,,,,,1979-08-30,,,La Guaira,Vargas,Venezuela,2000-09-16
Ramon Santiago,,,0.243,0.225,,,,,,0.267,0.263,0.26,0.206,0.224,,,,,,,,,,1979-08-31,,,Las Matas de Farfan,SEE BIRTH COUNTRY,Dominican Republic,2002-05-17
Khalil Greene,,,,,0.273,0.25,0.245,0.254,0.213,,,,,,,,,,,,,,,1979-10-21,,,Butler,PA,USA,2003-09-03
Jason Bartlett,,,,,,0.241,0.309,0.265,0.286,0.32,0.254,0.245,,,,,,,,,,,,1979-10-30,,,Mountain View,CA,USA,2004-08-03
Coco Crisp,,,,0.266,0.297,0.3,0.264,0.268,0.283,,0.279,0.264,0.259,0.261,0.246,,0.231,,,,,,,1979-11-01,,,Los Angeles,CA,USA,2002-08-15
Adam LaRoche,,,,,0.278,0.259,0.285,0.272,0.27,0.277,0.261,,0.271,0.237,0.259,0.207,,,,,,,,1979-11-06,,,Orange County,CA,USA,2004-04-07
Adam Dunn,,0.262,0.249,0.215,0.266,0.247,0.234,0.264,0.236,0.267,0.26,0.159,0.204,0.219,0.219,,,,,,,,,1979-11-09,,,Houston,TX,USA,2001-07-20
Gerald Laird,,,,,,,0.296,0.224,0.276,0.225,0.207,,,,,,,,,,,,,1979-11-13,,,Garden Grove,CA,USA,2003-04-30
Ryan Howard,,,,,,0.288,0.313,0.268,0.251,0.279,0.276,0.253,0.219,0.266,0.223,0.229,0.196,,,,,,,1979-11-19,,,St. Louis,MO,USA,2004-09-01
Ryan Theriot,,,,,,,,0.266,0.307,0.284,0.27,0.271,0.27,,,,,,,,,,,1979-12-07,,,Baton Rouge,LA,USA,2005-09-13
Garrett Atkins,,,,,,0.287,0.329,0.301,0.286,0.226,,,,,,,,,,,,,,1979-12-12,,,Orange,CA,USA,2003-08-03
David DeJesus,,,,,0.287,0.293,0.295,0.26,0.307,0.281,0.318,0.24,0.263,0.251,0.248,0.233,,,,,,,,1979-12-20,,,Brooklyn,NY,USA,2003-09-02
Bill Hall,,,,,0.238,0.291,0.27,0.254,0.225,0.201,0.247,,,,,,,,,,,,,1979-12-28,,,Tupelo,MS,USA,2002-09-01
Bobby Crosby,,,,,0.239,0.276,0.229,0.226,0.237,0.223,,,,,,,,,,,,,,1980-01-12,,,Lakewood,CA,USA,2003-09-02
Matt Holliday,,,,,0.29,0.307,0.326,0.34,0.321,0.313,0.312,0.296,0.295,0.3,0.272,0.279,0.246,0.231,,,,,,1980-01-15,,,Stillwater,OK,USA,2004-04-16
Skip Schumaker,,,,,,,,,0.302,0.303,0.265,0.283,0.276,0.263,0.235,0.242,,,,,,,,1980-02-03,,,Torrance,CA,USA,2005-06-08
Cesar Izturis,,,0.232,0.251,0.288,0.257,,0.258,0.263,0.256,0.23,,,,,,,,,,,,,1980-02-10,,,Barquisimeto,Lara,Venezuela,2001-06-23
Dan Uggla,,,,,,,0.282,0.245,0.26,0.243,0.287,0.233,0.22,0.179,,,,,,,,,,1980-03-11,,,Louisville,KY,USA,2006-04-03
Mark Teixeira,,,,0.259,0.281,0.301,0.282,0.306,0.308,0.292,0.256,0.248,0.251,,0.216,0.255,0.204,,,,,,,1980-04-11,,,Annapolis,MD,USA,2003-04-01
Jeff Keppinger,,,,,,,,0.332,0.266,0.256,0.288,0.277,0.325,0.253,,,,,,,,,,1980-04-21,,,Miami,FL,USA,2004-08-20
Felipe Lopez,,,0.227,,0.242,0.291,0.274,0.245,0.283,0.31,0.233,,,,,,,,,,,,,1980-05-12,,,Bayamon,SEE BIRTH COUNTRY,Puerto Rico,2001-08-03
Austin Kearns,,,0.315,0.264,0.23,0.24,0.264,0.266,0.217,,0.263,,,,,,,,,,,,,1980-05-20,,,Lexington,KY,USA,2002-04-17
Chad Tracy,,,,,0.285,0.308,0.281,0.264,0.267,0.237,,,,,,,,,,,,,,1980-05-22,,,Charlotte,NC,USA,2004-04-21
Scott Hairston,,,,,0.248,,,0.243,0.248,0.265,0.21,,0.263,,,,,,,,,,,1980-05-25,,,Fort Worth,TX,USA,2004-05-07
Mike Fontenot,,,,,,,,0.278,0.305,0.236,0.283,0.227,,,,,,,,,,,,1980-06-09,,,Slidell,LA,USA,2005-04-13
John Buck,,,,,0.235,0.242,0.245,0.222,0.224,,0.281,0.227,0.192,0.222,,,,,,,,,,1980-07-07,,,Kemmerer,WY,USA,2004-06-25
Chris Denorfia,,,,,,,,,,,0.271,0.277,0.293,0.279,0.23,0.269,,,,,,,,1980-07-15,,,Bristol,CT,USA,2005-09-07
Ryan Hanigan,,,,,,,,,,0.263,0.3,0.267,0.274,0.198,0.218,,,,,,,,,1980-08-16,,,Washington,DC,USA,2007-09-09
Maicer Izturis,,,,,,,0.293,0.289,0.269,0.3,0.25,0.276,0.256,0.236,,,,,,,,,,1980-09-12,,,Barquisimeto,Lara,Venezuela,2004-08-27
Jose Bautista,,,,,,,0.235,0.254,0.238,0.235,0.26,0.302,0.241,0.259,0.286,0.25,0.234,0.203,0.203,,,,,1980-10-19,,,Santo Domingo,SEE BIRTH COUNTRY,Dominican Republic,1988-04-09
Rajai Davis,,,,,,,,,0.243,0.305,0.284,0.238,0.257,0.26,0.282,0.258,0.249,0.235,,,,,,1980-10-19,,,Norwich,CT,USA,2006-08-14
Hank Blalock,,,,0.3,0.276,0.263,0.266,0.293,0.287,0.234,,,,,,,,,,,,,,1980-11-21,,,San Diego,CA,USA,2002-04-01
Jonny Gomes,,,,,,0.282,0.216,0.244,,0.267,0.266,0.209,0.262,0.247,0.234,0.213,,,,,,,,1980-11-22,,,Petaluma,CA,USA,2003-09-12
Nick Swisher,,,,,,0.236,0.254,0.262,0.219,0.249,0.288,0.26,0.272,0.246,0.208,0.196,,,,,,,,1980-11-25,,,Columbus,OH,USA,2004-09-03
Shane Victorino,,,,,,,0.287,0.281,0.293,0.292,0.259,0.279,0.255,0.294,,,,,,,,,,1980-11-30,,,Wailuku,HI,USA,2003-04-02
Cody Ross,,,,,,,0.227,,0.26,0.27,0.269,0.24,0.267,0.278,0.252,,,,,,,,,1980-12-23,,,Portales,NM,USA,2003-07-04
Chris Snyder,,,,,,0.202,,0.252,0.237,,0.207,,0.176,,,,,,,,,,,1981-02-12,,,Houston,TX,USA,2004-08-21
Alex Rios,,,,,0.286,0.262,0.302,0.297,0.291,0.247,0.284,0.227,0.304,0.278,0.28,0.255,,,,,,,,1981-02-18,,,Coffee,AL,USA,2004-05-27
Mike Aviles,,,,,,,,,0.325,,0.304,0.255,0.25,0.252,0.247,0.231,,,,,,,,1981-03-13,,,New York,NY,USA,2008-05-29
Curtis Granderson,,,,,,,0.26,0.302,0.28,0.249,0.247,0.262,0.232,0.229,0.227,0.259,0.237,0.212,0.242,0.183,,,,1981-03-16,,,Blue Island,IL,USA,2004-09-13
Ryan Doumit,,,,,,0.255,,0.274,0.318,0.25,0.251,0.303,0.275,0.247,,,,,,,,,,1981-04-03,,,Moses Lake,WA,USA,2005-06-05
Ryan Raburn,,,,,,,,,,0.291,0.28,0.256,0.171,0.272,,,0.22,,,,,,,1981-04-17,,,Tampa,FL,USA,2004-09-12
Ronny Paulino,,,,,,,0.31,0.263,,0.272,0.259,0.268,,,,,,,,,,,,1981-04-21,,,Santo Domingo,SEE BIRTH COUNTRY,Dominican Republic,2005-09-25
Justin Morneau,,,,,0.271,0.239,0.321,0.271,0.3,0.274,0.345,0.227,0.267,0.259,0.319,,0.261,,,,,,,1981-05-15,,,New Westminster,BC,Canada,2003-06-10
Josh Hamilton,,,,,,,,0.292,0.304,0.268,0.359,0.298,0.285,0.25,0.263,,,,,,,,,1981-05-21,,,Raleigh,NC,USA,2007-04-02
Ben Zobrist,,,,,,,,,,0.297,0.238,0.269,0.27,0.275,0.272,0.276,0.272,0.232,0.305,,,,,1981-05-26,,,Eureka,IL,USA,2006-08-01
Jeff Baker,,,,,,,,,0.268,0.288,0.272,0.269,,,0.264,,,,,,,,,1981-06-21,,,Bad Kissingen,Bavaria,Germany,2005-04-04
Garrett Jones,,,,,,,,,,0.293,0.247,0.243,0.274,0.233,0.246,,,,,,,,,1981-06-21,,,Harvey,IL,USA,2007-05-15
Brandon Phillips,,,,0.208,,,0.276,0.288,0.261,0.276,0.275,0.3,0.281,0.261,0.266,0.294,0.291,0.285,,,,,,1981-06-28,,,Raleigh,NC,USA,2002-09-13
Angel Pagan,,,,,,,,,,0.306,0.29,0.262,0.288,0.282,0.3,0.262,0.277,,,,,,,1981-07-02,,,Rio Piedras,SEE BIRTH COUNTRY,Puerto Rico,2006-04-03
Kevin Kouzmanoff,,,,,,,,0.275,0.26,0.255,0.247,0.235,,,,,,,,,,,,1981-07-25,,,Newport Beach,CA,USA,2006-09-02
Carl Crawford,,,0.259,0.281,0.296,0.301,0.305,0.315,0.273,0.305,0.307,0.255,,0.283,0.3,,,,,,,,,1981-08-05,,,Houston,TX,USA,2002-07-20
Mark Teahen,,,,,,0.246,0.29,0.285,0.255,0.271,0.258,,,,,,,,,,,,,1981-09-06,,,Redlands,CA,USA,2005-04-04
Alexei Ramirez,,,,,,,,,0.29,0.277,0.282,0.269,0.265,0.284,0.273,0.249,0.241,,,,,,,1981-09-22,,,Pinar del Rio,SEE BIRTH COUNTRY,Cuba,2008-03-31
David Murphy,,,,,,,,,0.275,0.269,0.291,0.275,0.304,0.22,0.262,0.283,,,,,,,,1981-10-18,,,Houston,TX,USA,2006-09-02
Nate McLouth,,,,,,,0.233,0.258,0.276,0.256,0.19,0.228,0.241,0.258,,,,,,,,,,1981-10-28,,,Muskegon,MI,USA,2005-06-29
Mike Napoli,,,,,,,0.228,0.247,0.273,0.272,0.238,0.32,0.227,0.259,0.248,0.224,0.239,0.193,,,,,,1981-10-31,,,Hollywood,FL,USA,2006-05-04
Wilson Betemit,,,,,,0.305,0.263,0.229,,,0.297,0.285,0.261,,,,,,,,,,,1981-11-02,,,Santo Domingo,SEE BIRTH COUNTRY,Dominican Republic,2001-09-18
Jose Castillo,,,,,0.256,0.268,0.253,0.244,0.246,,,,,,,,,,,,,Jose, Castillo,1981-12-06,,,Las Mercedes,SEE BIRTH COUNTRY,Venezuela,2004-04-07
Willy Taveras,,,,,,0.291,0.278,0.32,0.251,0.24,,,,,,,,,,,,,,1981-12-25,,,Tenares,SEE BIRTH COUNTRY,Dominican Republic,2004-09-06
Omar Infante,,,,0.222,0.264,0.222,0.277,,0.293,0.305,0.321,0.276,0.274,0.318,0.252,0.22,,,,,,,,1981-12-26,,,Puerto La Cruz,Anzoategui,Venezuela,2002-09-07
Norichika Aoki,,,,,,,,,,,,,0.288,0.286,0.285,0.287,0.283,0.277,,,,,,1982-01-05,,,Hyuga,SEE BIRTH COUNTRY,Japan,2012-04-06
Brayan Pena,,,,,,,,,,,,0.248,0.236,0.297,0.253,0.273,,,,,,,,1982-01-07,,,La Habana,SEE BIRTH COUNTRY,Cuba,2005-05-23
Jorge Cantu,,,,,,0.286,0.249,,0.277,0.289,0.256,,,,,,,,,,,,,1982-01-30,,,McAllen,TX,USA,2004-07-17
Yuniesky Betancourt,,,,,,0.256,0.289,0.289,0.279,0.245,0.259,0.252,0.228,0.212,,,,,,,,,,1982-01-31,,,Santa Clara,SEE BIRTH COUNTRY,Cuba,2005-07-28
Kelly Johnson,,,,,,0.241,,0.276,0.287,0.224,0.284,0.222,0.225,0.235,0.215,0.265,0.247,,,,,,,1982-02-22,,,Austin,TX,USA,2005-05-29
Aaron Hill,,,,,,0.274,0.291,0.291,0.263,0.286,0.205,0.246,0.302,0.291,0.244,0.23,0.262,,,,,,,1982-03-21,,,Visalia,CA,USA,2005-05-20
Michael Morse,,,,,,0.278,,,,,0.289,0.303,0.291,0.215,0.279,0.231,,,,,,,,1982-03-22,,,Fort Lauderdale,FL,USA,2005-05-31
Corey Hart,,,,,,,0.283,0.295,0.268,0.26,0.283,0.285,0.27,,0.203,,,,,,,,,1982-03-24,,,Bowling Green,KY,USA,2004-05-25
Brendan Ryan,,,,,,,,,,0.292,0.223,0.248,0.194,0.197,,,,,,,,,,1982-03-26,,,Los Angeles,CA,USA,2007-06-02
Andre Ethier,,,,,,,0.308,0.284,0.305,0.272,0.292,0.292,0.284,0.272,0.249,0.294,,,,,,,,1982-04-10,,,Phoenix,AZ,USA,2006-05-02
Conor Jackson,,,,,,,0.291,0.284,0.3,,0.236,0.244,,,,,,,,,,,,1982-05-07,,,Austin,TX,USA,2005-07-28
Adrian Gonzalez,,,,,,,0.304,0.282,0.279,0.277,0.298,0.338,0.299,0.293,0.276,0.275,0.285,0.242,,,,,,1982-05-08,,,San Diego,CA,USA,2004-04-18
Jason Kubel,,,,,,,0.241,0.273,0.272,0.3,0.249,0.273,0.253,0.216,,,,,,,,,,1982-05-25,,,Belle Fourche,SD,USA,2004-08-31
Jhonny Peralta,,,,0.227,,0.292,0.257,0.27,0.276,0.254,0.249,0.299,0.239,0.303,0.263,0.275,0.26,,,,,,,1982-05-28,,,Santiago,SEE BIRTH COUNTRY,Dominican Republic,2003-06-12
Ian Kinsler,,,,,,,0.286,0.263,0.319,0.253,0.286,0.255,0.256,0.277,0.275,0.296,0.288,0.236,0.24,0.217,,,,1982-06-22,,,Tucson,AZ,USA,2006-04-03
Grady Sizemore,,,,,,0.289,0.29,0.277,0.268,0.248,,0.224,,,0.233,0.253,,,,,,,,1982-08-02,,,Seattle,WA,USA,2004-07-21
J.J. Hardy,,,,,,0.247,,0.277,0.283,0.229,0.268,0.269,0.238,0.263,0.268,0.219,0.269,0.217,,,,,,1982-08-19,,,Tucson,AZ,USA,2005-04-04
Carlos Quentin,,,,,,,,0.214,0.288,0.236,0.243,0.254,0.261,0.275,,,,,,,,,,1982-08-28,,,Bellflower,CA,USA,2006-07-20
Rickie Weeks,,,,,,0.239,0.279,0.235,0.234,,0.269,0.269,0.23,0.209,0.274,,,,,,,,,1982-09-13,,,Altamonte Springs,FL,USA,2003-09-15
Chris Carter,,,,,,,,,,,,,0.239,0.223,0.227,0.199,0.222,,,,,,,1982-09-16,,,Redwood City,CA,USA,2008-06-05
Seth Smith,,,,,,,,,,0.293,0.246,0.284,0.24,0.253,0.266,0.248,0.249,0.258,,,,,,1982-09-30,,,Jackson,MS,USA,2007-09-16
Casey McGehee,,,,,,,,,,0.301,0.285,0.223,0.217,,0.287,0.198,,,,,,,,1982-10-12,,,Santa Cruz,CA,USA,2008-09-02
Robinson Cano,,,,,,0.297,0.342,0.306,0.271,0.32,0.319,0.302,0.313,0.314,0.314,0.287,0.298,0.28,0.303,0.256,,,,1982-10-22,,,San Pedro de Macoris,SEE BIRTH COUNTRY,Dominican Republic,2005-05-03
Will Venable,,,,,,,,,,0.256,0.245,0.246,0.264,0.268,0.224,0.244,,,,,,,,1982-10-29,,,Greenbrae,CA,USA,2008-08-29
Yunel Escobar,,,,,,,,0.326,0.288,0.299,0.256,0.29,0.253,0.256,0.258,0.314,0.304,0.274,,,,,,1982-11-02,,,La Habana,SEE BIRTH COUNTRY,Cuba,2007-06-02
David Wright,,,,,0.293,0.306,0.311,0.325,0.302,0.307,0.283,0.254,0.306,0.307,0.269,,,,,,,,,1982-12-20,,,Norfolk,VA,USA,2004-07-21
Michael Bourn,,,,,,,,,0.229,0.285,0.265,0.294,0.274,0.263,0.257,0.238,0.264,,,,,,,1982-12-27,,,Houston,TX,USA,2006-07-30
Edwin Encarnacion,,,,,,0.232,0.276,0.289,0.251,0.225,0.244,0.272,0.28,0.272,0.268,0.277,0.263,0.258,0.246,0.244,,,,1983-01-07,,,La Romana,SEE BIRTH COUNTRY,Dominican Republic,2005-06-24
Geovany Soto,,,,,,,,,0.285,0.218,0.28,0.228,0.198,,,,,,,,,,,1983-01-20,,,San Juan,SEE BIRTH COUNTRY,Puerto Rico,2005-09-23
Ronny Cedeno,,,,,,,0.245,,0.269,0.208,0.256,0.249,,0.242,,,,,,,,,,1983-02-02,,,Puerto Cabello,Carabobo,Venezuela,2005-04-23
Russell Martin,,,,,,,0.282,0.293,0.28,0.25,0.248,0.237,0.211,0.226,0.29,0.24,0.231,0.221,0.194,0.22,,,,1983-02-15,,,East York,ON,Canada,2006-05-05
Franklin Gutierrez,,,,,,,,0.266,0.248,0.283,0.245,0.224,,,,,0.246,,,,,,,1983-02-21,,,Caracas,Distrito Federal,Venezuela,2005-08-31
Casey Kotchman,,,,,,,,0.296,0.272,0.268,0.217,0.306,0.229,,,,,,,,,,,1983-02-22,,,St. Petersburg,FL,USA,2004-05-09
Stephen Drew,,,,,,,0.316,0.238,0.291,0.261,0.278,0.252,0.223,0.253,0.162,0.201,,,,,,,,1983-03-16,,,Hahira,GA,USA,2006-07-15
Chris Iannetta,,,,,,,,,0.264,0.228,,0.238,0.24,0.225,0.252,0.188,0.21,0.254,0.224,,,,,1983-04-08,,,Providence,RI,USA,2006-08-27
Hunter Pence,,,,,,,,0.322,0.269,0.282,0.282,0.314,0.253,0.283,0.277,0.275,0.289,0.26,0.226,0.297,,,,1983-04-13,,,Fort Worth,TX,USA,2007-04-28
Steve Pearce,,,,,,,,,,,,,,,0.293,0.218,0.288,0.252,0.284,,,,,1983-04-13,,,Lakeland,FL,USA,2007-09-01
Joe Mauer,,,,,,0.294,0.347,0.293,0.328,0.365,0.327,0.287,0.319,0.324,0.277,0.265,0.261,0.305,0.282,,,,,1983-04-19,,,St. Paul,MN,USA,2004-04-05
Alberto Callaspo,,,,,,,,,0.305,0.3,0.265,0.288,0.252,0.258,0.223,0.235,,,,,,,,1983-04-19,,,Maracay,Aragua,Venezuela,2006-08-06
David Freese,,,,,,,,,,,0.296,0.297,0.293,0.262,0.26,0.257,0.27,0.263,0.296,,,,,1983-04-28,,,Corpus Christi,TX,USA,2009-04-06
Jose Reyes,,,,0.307,0.255,0.273,0.3,0.28,0.297,,0.282,0.337,0.287,0.296,0.287,0.274,0.267,0.246,0.189,,,,,1983-06-11,,,Santiago,SEE BIRTH COUNTRY,Dominican Republic,2003-06-10
Kendrys Morales,,,,,,,,,,0.306,,,0.273,0.277,0.218,0.29,0.263,0.25,0.249,,,,,1983-06-20,,,Fomento,SEE BIRTH COUNTRY,Cuba,2006-05-23
Miguel Montero,,,,,,,,0.224,,0.294,0.266,0.282,0.286,0.23,0.243,0.248,0.216,,,,,,,1983-07-09,,,Caracas,Distrito Federal,Venezuela,2006-09-06
Adam Lind,,,,,,,,0.238,0.282,0.305,0.237,0.251,0.255,0.288,0.321,0.277,0.239,0.303,,,,,,1983-07-17,,,Muncie,IN,USA,2006-09-02
Mark Reynolds,,,,,,,,0.279,0.239,0.26,0.198,0.221,0.221,0.22,0.196,0.23,0.282,0.267,0.248,,,,,1983-08-03,,,Pikeville,KY,USA,2007-05-16
Gaby Sanchez,,,,,,,,,,,0.273,0.266,0.217,0.254,0.229,,,,,,,,,1983-09-02,,,Miami,FL,USA,2008-09-17
Nick Hundley,,,,,,,,,,0.238,0.249,0.288,0.157,0.233,0.243,0.301,0.26,0.244,0.241,,,,,1983-09-08,,,Corvallis,OR,USA,2008-07-04
Jacoby Ellsbury,,,,,,,,,0.28,0.301,,0.321,0.271,0.298,0.271,0.257,0.263,0.264,,,,,,1983-09-11,,,Madras,OR,USA,2007-06-30
Brandon Moss,,,,,,,,,0.246,0.236,,,0.291,0.256,0.234,0.226,0.225,0.207,,,,,,1983-09-16,,,Monroe,GA,USA,2007-08-06
John Jaso,,,,,,,,,,,0.263,0.224,0.276,0.271,0.264,,0.268,0.211,,,,,,1983-09-19,,,Chula Vista,CA,USA,2008-09-06
Martin Prado,,,,,,,,,0.32,0.307,0.307,0.26,0.301,0.282,0.282,0.288,0.305,,,0.233,,,,1983-10-27,,,Maracay,Aragua,Venezuela,2006-04-23
Jose Lopez,,,,,0.232,,0.282,0.252,0.297,0.272,0.239,0.216,0.246,,,,,,,,,,,1983-11-24,,,Barcelona,Anzoategui,Venezuela,2004-07-31
Hanley Ramirez,,,,,,,0.292,0.332,0.301,0.342,0.3,0.243,0.257,0.345,0.283,0.249,0.286,0.242,,,,,,1983-12-23,,,Samana,SEE BIRTH COUNTRY,Dominican Republic,2005-09-20
Gregor Blanco,,,,,,,,,0.251,,0.283,,0.244,0.265,0.26,0.291,0.224,0.246,,,,,,1983-12-24,,,Caracas,Distrito Federal,Venezuela,2008-03-30
Jeff Francoeur,,,,,,0.3,0.26,0.293,0.239,0.28,0.249,0.285,0.235,0.204,,0.258,0.254,,,,,,,1984-01-08,,,Atlanta,GA,USA,2005-07-07
Erick Aybar,,,,,,,,,0.277,0.312,0.253,0.279,0.29,0.271,0.278,0.27,0.243,0.234,,,,,,1984-01-14,,,Bani,SEE BIRTH COUNTRY,Dominican Republic,2006-05-16
Jeremy Hermida,,,,,,,0.251,0.296,0.249,0.259,0.216,,,,,,,,,,,,,1984-01-30,,,Atlanta,GA,USA,2005-08-31
Dioner Navarro,,,,,,,0.254,0.227,0.295,0.218,,,,0.3,0.274,,0.207,,,,,,,1984-02-09,,,Caracas,Distrito Federal,Venezuela,2004-09-07
Nate Schierholtz,,,,,,,,,,0.267,0.242,0.278,0.257,0.251,0.195,,,,,,,,,1984-02-15,,,Reno,NV,USA,2007-06-11
Brian McCann,,,,,,,0.333,0.27,0.301,0.281,0.269,0.27,0.23,0.256,0.232,0.232,0.242,0.241,,0.249,,,,1984-02-20,,,Athens,GA,USA,2005-06-10
Denard Span,,,,,,,,,0.294,0.311,0.264,0.264,0.283,0.279,0.302,0.301,0.266,0.272,0.261,,,,,1984-02-27,,,Tampa,FL,USA,2008-04-06
Alejandro De Aza,,,,,,,,,,,,,0.281,0.264,0.252,0.262,0.205,,,,,,,1984-04-11,,,Guaymate,SEE BIRTH COUNTRY,Dominican Republic,2007-04-02
James Loney,,,,,,,,0.331,0.289,0.281,0.267,0.288,0.249,0.299,0.29,0.28,0.265,,,,,,,1984-05-07,,,Houston,TX,USA,2006-04-04
Prince Fielder,,,,,,,0.271,0.288,0.276,0.299,0.261,0.299,0.313,0.279,,0.305,0.212,,,,,,,1984-05-09,,,Ontario,CA,USA,2005-06-13
Chase Headley,,,,,,,,,0.269,0.262,0.264,0.289,0.286,0.25,0.243,0.259,0.251,0.273,,,,,,1984-05-09,,,Fountain,CO,USA,2007-06-15
Cliff Pennington,,,,,,,,,,0.279,0.25,0.264,0.215,0.242,,0.21,,,,,,,,1984-06-15,,,Corpus Christi,TX,USA,2008-08-12
Melky Cabrera,,,,,,,0.28,0.273,0.249,0.274,0.255,0.305,0.346,0.279,0.301,0.273,0.296,0.285,0.28,0.28,,,,1984-08-11,,,Santo Domingo,SEE BIRTH COUNTRY,Dominican Republic,2005-07-07
B.J. Upton,,,,,,,,0.3,0.273,0.241,0.237,0.243,0.246,0.184,0.208,0.259,0.238,,,,,,,1984-08-21,,,Norfolk,VA,USA,#N/A
Danny Valencia,,,,,,,,,,,0.311,0.246,,,0.258,0.29,0.287,0.256,0.263,,,,,1984-09-19,,,Miami,FL,USA,2010-06-03
Chris Johnson,,,,,,,,,,,0.308,0.251,0.281,0.321,0.263,0.255,0.222,,,,,,,1984-10-01,,,Naples,FL,USA,2009-09-09
Drew Stubbs,,,,,,,,,,,0.255,0.243,0.213,0.233,0.289,,,,,,,,,1984-10-04,,,Atlanta,TX,USA,2009-08-19
Troy Tulowitzki,,,,,,,,0.291,0.263,0.297,0.315,0.302,,0.312,0.34,0.28,0.254,0.249,,,,,,1984-10-10,,,Santa Clara,CA,USA,2006-08-30
Chris Heisey,,,,,,,,,,,0.254,0.254,0.265,0.237,0.222,,,,,,,,,1984-12-14,,,Mount Joy,PA,USA,2010-05-03
Ryan Sweeney,,,,,,,,,0.286,0.293,0.294,0.265,0.26,,0.251,,,,,,,,,1985-02-20,,,Cedar Rapids,IA,USA,2006-09-01
Emilio Bonifacio,,,,,,,,,,0.252,,0.296,0.258,0.243,0.259,,,,,,,,,1985-04-23,,,Santo Domingo,SEE BIRTH COUNTRY,Dominican Republic,2007-09-02
Sean Rodriguez,,,,,,,,,,,0.251,0.223,0.213,,0.211,0.246,0.27,,,,,,,1985-04-26,,,Miami,FL,USA,2008-04-19
Jarrod Saltalamacchia,,,,,,,,0.266,,0.233,,0.235,0.222,0.273,0.22,,0.171,,,,,,,1985-05-02,,,West Palm Beach,FL,USA,2007-05-02
Eric Young,0.297,0.279,0.28,0.251,0.288,,,,,,,,,,,,,,,,,,,1985-05-25,,,New Brunswick,NJ,USA,1992-07-30
Chris Coghlan,,,,,,,,,,0.321,0.268,0.23,,,0.283,0.25,0.188,,,,,,,1985-06-18,,,Rockville,MD,USA,2009-05-08
Adam Jones,,,,,,,,,0.27,0.277,0.284,0.28,0.287,0.285,0.281,0.269,0.265,0.285,0.281,0.26,,,,1985-08-01,,,San Diego,CA,USA,2006-07-14
Zack Cozart,,,,,,,,,,,,,0.246,0.254,0.221,,0.252,0.297,0.219,,,,,1985-08-12,,,Memphis,TN,USA,2011-07-07
Neil Walker,,,,,,,,,,,0.296,0.273,0.28,0.251,0.271,0.269,0.282,0.265,0.219,0.261,,,,1985-09-10,,,Pittsburgh,PA,USA,2009-09-01
Delmon Young,,,,,,,,0.288,0.29,0.284,0.298,0.268,0.267,0.26,0.302,,,,,,,,,1985-09-14,,,Birmingham,AL,USA,2006-08-29
Carlos Gonzalez,,,,,,,,,0.242,0.284,0.336,0.295,0.303,0.302,0.238,0.271,0.298,0.262,0.276,,,,,1985-10-17,,,Maracaibo,Zulia,Venezuela,2008-05-30
Yoenis Cespedes,,,,,,,,,,,,,0.292,0.24,0.26,0.291,0.28,0.292,,,,,,1985-10-18,,,Campechuela,SEE BIRTH COUNTRY,Cuba,2012-03-28
Asdrubal Cabrera,,,,,,,,,0.259,0.308,0.276,0.273,0.27,0.242,0.241,0.265,0.28,0.28,0.262,0.26,,,,1985-11-13,,,Puerto La Cruz,Anzoategui,Venezuela,2007-08-08
Luis Valbuena,,,,,,,,,,0.25,0.193,,0.219,0.218,0.249,0.224,0.26,0.199,0.199,,,,,1985-11-30,,,Caja Seca,Zulia,Venezuela,2008-09-02
Carlos Gomez,,,,,,,,,0.258,0.229,0.247,0.225,0.26,0.284,0.284,0.255,0.231,0.255,0.208,,,,,1985-12-04,,,Santiago,SEE BIRTH COUNTRY,Dominican Republic,2007-05-13
Mark Trumbo,,,,,,,,,,,,0.254,0.268,0.234,0.235,0.262,0.256,0.234,0.261,,,,,1986-01-16,,,Anaheim,CA,USA,2010-09-11
Lucas Duda,,,,,,,,,,,,0.292,0.239,0.223,0.253,0.244,,0.217,0.241,,,,,1986-02-03,,,Los Angeles,CA,USA,2010-09-01
Billy Butler,,,,,,,,0.292,0.275,0.301,0.318,0.291,0.313,0.289,0.271,0.251,0.284,,,,,,,1986-04-18,,,Orange Park,FL,USA,2007-05-01
Trevor Plouffe,,,,,,,,,,,,0.238,0.235,0.254,0.258,0.244,0.26,0.198,,,,,,1986-06-15,,,West Hills,CA,USA,2010-05-21
Colby Rasmus,,,,,,,,,,0.251,0.276,0.225,0.223,0.276,0.225,0.238,0.206,,,,,,,1986-08-11,,,Columbus,GA,USA,2009-04-07
Martin Maldonado,,,,,,,,,,,,,0.266,,,0.21,0.202,0.221,0.225,0.213,,,,1986-08-16,,,Naguabo,SEE BIRTH COUNTRY,Puerto Rico,2011-09-03
Evan Gattis,,,,,,,,,,,,,,0.243,0.263,0.246,0.251,0.263,0.226,,,,,1986-08-18,,,Dallas,TX,USA,2013-04-03
Gordon Beckham,,,,,,,,,,0.27,0.252,0.23,0.234,0.267,0.226,0.209,0.212,,,0.215,,,,1986-09-16,,,Atlanta,GA,USA,2009-06-04
Everth Cabrera,,,,,,,,,,0.255,0.208,,0.246,0.283,0.232,,,,,,,,,1986-11-17,,,Nandaime,Granada,Nicaragua,2009-04-08
Michael Saunders,,,,,,,,,,,0.211,,0.247,0.236,0.273,,0.253,0.202,,,,,,1986-11-19,,,Victoria,BC,Canada,2009-07-25
Justin Smoak,,,,,,,,,,,0.218,0.234,0.217,0.238,0.202,0.226,0.217,0.27,0.242,0.208,,,,1986-12-05,,,Goose Creek,SC,USA,2010-04-23
Alcides Escobar,,,,,,,,,,,0.235,0.254,0.293,0.234,0.285,0.257,0.261,0.25,0.231,,,,,1986-12-16,,,La Sabana,Vargas,Venezuela,2008-09-03
Jose Abreu,,,,,,,,,,,,,,,0.317,0.29,0.293,0.304,0.265,0.284,,,,1987-01-29,,,Cienfuegos,SEE BIRTH COUNTRY,Cuba,2014-03-31
Austin Jackson,,,,,,,,,,,0.293,0.249,0.3,0.272,0.256,0.267,,0.318,0.245,,,,,1987-02-01,,,Denton,TX,USA,2010-04-05
Pedro Alvarez,,,,,,,,,,,0.256,0.191,0.244,0.233,0.231,0.243,0.249,,,,,,,1987-02-06,,,Santo Domingo,SEE BIRTH COUNTRY,Dominican Republic,2010-06-16
Ike Davis,,,,,,,,,,,0.264,,0.227,0.205,0.233,0.229,,,,,,,,1987-03-22,,,Edina,MN,USA,2010-04-19
Danny Espinosa,,,,,,,,,,,,0.236,0.247,,0.219,0.24,0.209,0.173,,,,,,1987-04-25,,,Santa Ana,CA,USA,2010-09-01
Gerardo Parra,,,,,,,,,,0.29,0.261,0.292,0.273,0.268,0.261,0.291,0.253,0.309,0.284,0.234,,,,1987-05-06,,,Santa Barbara,Zulia,Venezuela,2009-05-13
Brian Dozier,,,,,,,,,,,,,0.234,0.244,0.242,0.236,0.268,0.271,0.215,0.238,,,,1987-05-15,,,Tupelo,MS,USA,2012-05-07
Eduardo Nunez,,,,,,,,,,,,0.265,,0.26,0.25,,0.288,0.313,0.265,,,,,1987-06-15,,,Santo Domingo,SEE BIRTH COUNTRY,Dominican Republic,2010-08-19
Yangervis Solarte,,,,,,,,,,,,,,,0.26,0.27,0.286,0.255,0.226,,,,,1987-07-03,,,Valencia,Carabobo,Venezuela,2014-04-02
Logan Morrison,,,,,,,,,,,0.283,0.247,0.23,0.242,0.262,0.225,0.238,0.246,0.186,,,,,1987-08-25,,,Kansas City,MO,USA,2010-07-27
A.J. Pollock,,,,,,,,,,,,,,0.269,0.302,0.315,,0.266,0.257,0.266,,,,1987-12-05,,,Hebron,CT,USA,2012-04-18
Travis Snider,,,,,,,,,,0.241,0.255,,,0.215,0.264,0.232,,,,,,,,1988-02-02,,,Kirkland,WA,USA,2008-08-29
Dustin Ackley,,,,,,,,,,,,0.273,0.226,0.253,0.245,0.231,,,,,,,,1988-02-26,,,Winston-Salem,NC,USA,2011-06-17
Leonys Martin,,,,,,,,,,,,,,0.26,0.274,0.219,0.247,,0.255,0.199,,,,1988-03-06,,,Vill Clara,SEE BIRTH COUNTRY,USA,2011-09-02
Ben Revere,,,,,,,,,,,,0.267,0.294,0.305,0.306,0.306,0.217,0.275,,,,,,1988-05-03,,,Atlanta,GA,USA,2010-09-07
Matt Adams,,,,,,,,,,,,,,0.284,0.288,,0.249,0.274,0.239,0.226,,,,1988-08-31,,,Philipsburg,PA,USA,2012-05-20
Lonnie Chisenhall,,,,,,,,,,,,0.255,,0.225,0.28,0.246,0.286,0.288,,,,,,1988-10-04,,,Morehead City,NC,USA,2011-06-27
Derek Norris,,,,,,,,,,,,,0.201,0.246,0.27,0.25,0.186,,,,,,,1989-02-14,,,Goddard,KS,USA,2012-06-21
Juan Lagares,,,,,,,,,,,,,,0.242,0.281,0.259,,0.25,,0.213,,,,1989-03-17,,,Constanza,SEE BIRTH COUNTRY,Dominican Republic,2013-04-23
Ruben Tejada,,,,,,,,,,,0.213,0.284,0.289,0.202,0.237,0.261,,,,,,,,1989-10-27,,,Santiago,Veraguas,Panama,2010-04-07
Jose Iglesias,,,,,,,,,,,,,,0.303,,0.3,0.255,0.255,0.269,0.288,,,,1990-01-05,,,La Habana,SEE BIRTH COUNTRY,Cuba,2011-05-08
Brett Lawrie,,,,,,,,,,,,,0.273,0.254,0.247,0.26,0.248,,,,,,,1990-01-18,,,Langley,BC,Canada,2011-08-05
Scooter Gennett,,,,,,,,,,,,,,0.324,0.289,0.264,0.263,0.295,0.31,,,,,1990-05-01,,,Cincinnati,OH,USA,2013-06-03
Jose Altuve,,,,,,,,,,,,0.276,0.29,0.283,0.341,0.313,0.338,0.346,0.316,0.298,,,,1990-05-06,,,Puerto Cabello,Carabobo,Venezuela,2011-07-20
Cesar Hernandez,,,,,,,,,,,,,,,,0.272,0.294,0.294,0.253,0.279,,,,1990-05-23,,,Valencia,Carabobo,Venezuela,1992-07-19
Yasiel Puig,,,,,,,,,,,,,,0.319,0.296,0.255,0.263,0.263,0.267,0.267,,,,1990-12-07,,,Cienfuegos,SEE BIRTH COUNTRY,Cuba,2013-06-03
Hernan Perez,,,,,,,,,,,,,,,,0.243,0.272,0.259,0.253,0.228,,,,1991-03-26,,,Villa de Cura,Aragua,Venezuela,2012-06-09
Avisail Garcia,,,,,,,,,,,,,,0.283,,0.257,0.245,0.33,0.236,0.282,,,,1991-06-12,,,Anaco,Anzoategui,Venezuela,2012-08-31
Eugenio Suarez,,,,,,,,,,,,,,,0.242,0.28,0.248,0.26,0.283,0.271,,,,1991-07-18,,,Puerto Ordaz,Bolivar,Venezuela,2014-06-04
Enrique Hernandez,,,,,,,,,,,,,,,,0.307,0.19,0.215,0.256,0.237,,,,1991-08-24,,,San Juan,SEE BIRTH COUNTRY,Puerto Rico,2014-07-01
Jose Ramirez,,,,,,,,,,,,,,,0.262,0.219,0.312,0.318,0.27,0.255,,Jose,Ramirez,1992-09-17,,,Bani,SEE BIRTH COUNTRY,Dominican Republic,2013-09-01
Javier Baez,,,,,,,,,,,,,,,0.169,,0.273,0.273,0.29,0.281,,,,1992-12-01,,,Bayamon,SEE BIRTH COUNTRY,Puerto Rico,2014-08-05
Miguel Sano,,,,,,,,,,,,,,,,0.269,0.236,0.264,0.199,0.247,,,,1993-05-11,,,San Pedro de Macoris,SEE BIRTH COUNTRY,Dominican Republic,2015-07-02
Addison Russell,,,,,,,,,,,,,,,,0.242,0.238,0.239,0.25,0.237,,,,1994-01-23,,,Pensacola,FL,USA,2015-04-21
Chris Young,,,,,,,,0.237,0.248,0.212,0.257,0.236,0.231,0.2,0.222,0.252,0.276,0.235,,,,,,2006-08-18,,,Houston,TX,USA,2004-08-24
Abraham Nunez,,0.262,0.233,0.248,0.214,0.285,0.211,0.234,,,,,,,,,,,,,,,,2008-06-08,,,Santo Domingo,SEE BIRTH COUNTRY,Dominican Republic,1997-08-27
Bill Mueller,0.268,0.295,0.262,0.326,0.283,0.295,,,,,,,,,,,,,,,,,,1971-03-17,,,Bay City,MI,USA,1996-04-18
Kevin Pillar,,,,,,,,,,,,,,,,0.278,0.266,0.256,0.252,0.259,607680,Kevin,Pillar,1989-01-04,COL,5,West Hills,CA,USA,2013-08-14
Kris Bryant,,,,,,,,,,,,,,,,0.275,0.292,0.295,0.272,0.282,592178,Kris,Bryant,1992-01-04,CHC,17,Las Vegas,NV,USA,2015-04-17
Eduardo Escobar,,,,,,,,,,,,,,,0.275,0.262,0.236,0.254,0.272,0.269,500871,Eduardo,Escobar,1989-01-05,ARI,5,Villa de Cura,Aragua,Venezuela,2011-09-02
C.J. Cron,,,,,,,,,,,,,,,0.256,0.262,0.278,0.248,0.253,0.253,543068,C.J.,Cron,1990-01-05,DET,26,Fullerton,CA,USA,2014-05-03
Tucker Barnhart,,,,,,,,,,,,,,,,0.252,0.257,0.27,0.248,0.231,571466,Tucker,Barnhart,1991-01-07,CIN,16,Indianapolis,IN,USA,2014-04-03
Logan Forsythe,,,,,,,,,,,,,0.273,0.214,0.223,0.281,0.264,0.224,0.232,0.227,523253,Logan,Forsythe,1987-01-14,MIA,11,Memphis,TN,USA,2011-05-04
Stephen Piscotty,,,,,,,,,,,,,,,,0.305,0.273,0.235,0.267,0.249,572039,Stephen,Piscotty,1991-01-14,OAK,25,Pleasanton,CA,USA,2015-07-21
Albert Pujols,,0.329,0.314,0.359,0.331,0.33,0.331,0.327,0.357,0.327,0.312,0.299,0.285,0.258,0.272,0.244,0.268,0.241,0.245,0.244,405395,Albert,Pujols,1980-01-16,LAA,5,Santo Domingo,SEE BIRTH COUNTRY,Dominican Republic,2001-04-02
Brandon Crawford,,,,,,,,,,,,,0.248,0.248,0.246,0.256,0.275,0.253,0.254,0.228,543063,Brandon,Crawford,1987-01-21,SF,35,Mountain View,CA,USA,2011-05-27
Tyler Flowers,,,,,,,,,,,,,,0.195,0.241,0.239,0.27,0.281,0.227,0.229,452095,Tyler,Flowers,1986-01-24,ATL,25,Roswell,GA,USA,2009-09-03
Alex Avila,,,,,,,,,,,0.228,0.295,0.243,0.227,0.218,,,0.264,,,488671,Alex,Avila,1987-01-29,MIN,16,Hialeah,FL,USA,2009-08-06
Xander Bogaerts,,,,,,,,,,,,,,,0.24,0.32,0.294,0.273,0.288,0.309,593428,Xander,Bogaerts,1992-10-01,BOS,2,Oranjestad,SEE BIRTH COUNTRY,Aruba,2013-08-20
Aaron Hicks,,,,,,,,,,,,,,0.192,,0.256,0.217,0.266,0.248,0.235,543305,Aaron,Hicks,1989-10-02,NYY,31,San Pedro,CA,USA,2013-04-01
Kurt Suzuki,,,,,,,,0.249,0.279,0.274,0.242,0.237,0.235,0.232,0.288,0.24,0.258,0.283,0.271,0.264,435559,Kurt,Suzuki,1983-10-04,WSH,28,Wailuku,HI,USA,2007-06-12
Evan Longoria,,,,,,,,,0.272,0.281,0.294,0.244,0.289,0.269,0.253,0.27,0.273,0.261,0.244,0.254,446334,Evan,Longoria,1985-10-07,SF,10,Downey,CA,USA,2008-04-12
Mookie Betts,,,,,,,,,,,,,,,,0.291,0.318,0.264,0.346,0.295,605141,Mookie,Betts,1992-10-07,LAD,50,Nashville,TN,USA,2014-06-29
Starling Marte,,,,,,,,,,,,,,0.28,0.291,0.287,0.311,0.275,0.277,0.295,516782,Starling,Marte,1988-10-09,MIA,6,Santo Domingo,SEE BIRTH COUNTRY,Dominican Republic,2012-07-26
Andrew McCutchen,,,,,,,,,,0.286,0.286,0.259,0.327,0.317,0.314,0.292,0.256,0.279,0.255,0.256,457705,Andrew,McCutchen,1986-10-10,PHI,22,Fort Meade,FL,USA,2009-06-04
Kolten Wong,,,,,,,,,,,,,,,0.249,0.262,0.24,0.285,0.249,0.285,543939,Kolten,Wong,1990-10-10,STL,16,Hilo,HI,USA,2013-08-16
Ketel Marte,,,,,,,,,,,,,,,,0.283,0.259,0.26,0.26,0.329,606466,Ketel,Marte,1993-10-12,ARI,4,Nizao,SEE BIRTH COUNTRY,Dominican Republic,2015-07-31
Kole Calhoun,,,,,,,,,,,,,,,0.272,0.256,0.271,0.244,0.208,0.232,594777,Kole,Calhoun,1987-10-14,ARI,56,Buckeye,AZ,USA,2012-05-22
Jonathan Schoop,,,,,,,,,,,,,,,0.209,0.279,0.267,0.293,0.233,0.256,570731,Jonathan,Schoop,1991-10-16,DET,8,Willemstad,SEE BIRTH COUNTRY,Curacao,2013-09-25
Bryce Harper,,,,,,,,,,,,,0.27,0.274,0.273,0.33,0.243,0.319,0.249,0.26,547180,Bryce,Harper,1992-10-16,PHI,3,Las Vegas,NV,USA,2012-04-28
Brad Miller,,,,,,,,,,,,,,0.265,0.221,0.258,0.243,0.201,0.248,,543543,Brad,Miller,1989-10-18,STL,15,Orlando,FL,USA,2013-06-28
Daniel Descalso,,,,,,,,,,,,0.264,0.227,0.238,,,0.264,0.233,0.238,,518614,Daniel,Descalso,1986-10-19,CHC,33,Redwood City,CA,USA,2010-09-18
Eric Hosmer,,,,,,,,,,,,0.293,0.232,0.302,0.27,0.297,0.266,0.318,0.253,0.265,543333,Eric,Hosmer,1989-10-24,SD,30,South Miami,FL,USA,2011-05-06
Ender Inciarte,,,,,,,,,,,,,,,0.278,0.303,0.291,0.304,0.265,,542255,Ender,Inciarte,1990-10-29,ATL,11,Maracaibo,Zulia,Venezuela,2014-05-02
Joe Panik,,,,,,,,,,,,,,,0.305,0.312,0.239,0.288,0.254,0.244,605412,Joe,Panik,1990-10-30,TOR,2,Yonkers,NY,USA,2014-05-22
Stephen Vogt,,,,,,,,,,,,,,,0.279,0.261,0.251,0.233,,0.263,519390,Stephen,Vogt,1984-11-01,ARI,21,Visalia,CA,USA,2012-04-06
Kyle Seager,,,,,,,,,,,,,0.259,0.26,0.268,0.266,0.278,0.249,0.221,0.239,572122,Kyle,Seager,1987-11-03,SEA,15,Charlotte,NC,USA,2011-07-07
Darwin Barney,,,,,,,,,,,,0.276,0.254,0.208,0.241,,0.269,0.232,,,446381,Darwin,Barney,1985-11-08,TEX,,Portland,OR,USA,2010-08-12
Yasmani Grandal,,,,,,,,,,,,,,,0.225,0.234,0.228,0.247,0.241,0.246,518735,Yasmani,Grandal,1988-11-08,CHW,24,Havana,SEE BIRTH COUNTRY,Cuba,2012-06-02
Giancarlo Stanton,,,,,,,,,,,0.259,0.262,0.29,0.249,0.288,0.265,0.24,0.281,0.266,,519317,Giancarlo,Stanton,1989-11-08,NYY,27,Panorama City,CA,USA,2010-06-08
Eric Thames,,,,,,,,,,,,0.262,0.232,,,,,0.247,0.219,0.247,519346,Eric,Thames,1986-11-10,WSH,9,Santa Clara,CA,USA,2011-05-18
Marcell Ozuna,,,,,,,,,,,,,,0.265,0.269,0.259,0.266,0.312,0.28,0.241,542303,Marcell,Ozuna,1990-11-12,ATL,20,Santo Domingo,SEE BIRTH COUNTRY,Dominican Republic,2013-04-30
Freddy Galvis,,,,,,,,,,,,,,0.234,,0.263,0.241,0.255,0.248,0.26,520471,Freddy,Galvis,1989-11-14,CIN,3,Punto Fijo,Bolivar,Venezuela,2012-04-05
Francisco Lindor,,,,,,,,,,,,,,,,0.313,0.301,0.273,0.277,0.284,596019,Francisco,Lindor,1993-11-14,CLE,12,Caguas,SEE BIRTH COUNTRY,Puerto Rico,2015-06-14
Nick Markakis,,,,,,,0.291,0.3,0.306,0.293,0.297,0.284,0.298,0.271,0.276,0.296,0.269,0.275,0.297,0.285,455976,Nick,Markakis,1983-11-17,ATL,22,Glen Cove,NY,USA,2006-04-03
Ryan Braun,,,,,,,,0.324,0.285,0.32,0.304,0.332,0.319,0.298,0.266,0.285,0.305,0.268,0.254,0.285,460075,Ryan,Braun,1983-11-17,MIL,8,Mission Hills,CA,USA,2007-05-25
Justin Turner,,,,,,,,,,,,0.26,,,0.34,0.294,0.275,0.322,0.312,0.29,457759,Justin,Turner,1984-11-23,LAD,10,Long Beach,CA,USA,2009-09-08
Matt Carpenter,,,,,,,,,,,,,0.294,0.318,0.272,0.272,0.271,0.241,0.257,0.226,572761,Matt,Carpenter,1985-11-26,STL,13,Galveston,TX,USA,2011-06-04
Christian Yelich,,,,,,,,,,,,,,0.288,0.284,0.3,0.298,0.282,0.326,0.329,592885,Christian,Yelich,1991-12-05,MIL,22,Thousand Oaks,CA,USA,2013-07-23
Adam Eaton,,,,,,,,,,,,,,0.252,0.3,0.287,0.284,,0.301,0.279,594809,Adam,Eaton,1988-12-06,WSH,2,Springfield,OH,USA,2012-09-04
Josh Donaldson,,,,,,,,,,,,,0.241,0.301,0.255,0.297,0.284,0.27,,0.259,518626,Josh,Donaldson,1985-12-08,MIN,24,Pensacola,FL,USA,2010-04-30
Wil Myers,,,,,,,,,,,,,,0.293,0.222,0.253,0.259,0.243,0.253,0.239,571976,Wil,Myers,1990-12-10,SD,4,Thomasville,NC,USA,2013-06-18
Luis Castillo,0.334,0.263,0.305,0.314,0.291,0.301,0.296,0.301,0.245,0.302,0.235,,,,,,,,,,622491,Luis,Castillo,1992-12-12,CIN,58,Bani,SEE BIRTH COUNTRY,Dominican Republic,2017-06-23
Khris Davis,,,,,,,,,,,,,,,0.244,0.247,0.247,0.247,0.247,0.22,501981,Khris,Davis,1987-12-21,OAK,2,Lakewood,CA,USA,2013-04-01
Rougned Odor,,,,,,,,,,,,,,,0.259,0.261,0.271,0.204,0.253,0.205,596059,Rougned,Odor,1994-02-03,TEX,12,Maracaibo,Zulia,Venezuela,2014-05-08
Alex Gordon,,,,,,,,0.247,0.26,,0.215,0.303,0.294,0.265,0.266,0.271,0.22,0.208,0.245,0.266,460086,Alex,Gordon,1984-02-10,KC,4,Lincoln,NE,USA,2007-04-02
Travis d'Arnaud,,,,,,,,,,,,,,,0.242,0.268,0.247,0.244,,0.251,518595,Travis,d'Arnaud,1989-02-10,ATL,16,Long Beach,CA,USA,2013-08-17
Todd Frazier,,,,,,,,,,,,,0.273,0.234,0.273,0.255,0.225,0.213,0.213,0.251,453943,Todd,Frazier,1986-02-12,NYM,21,Point Pleasant,NJ,USA,2011-05-23
Didi Gregorius,,,,,,,,,,,,,,0.252,0.226,0.265,0.276,0.287,0.268,0.238,544369,Didi,Gregorius,1990-02-18,PHI,18,Amsterdam,SEE BIRTH COUNTRY,Netherlands,2012-09-05
Josh Reddick,,,,,,,,,,,,0.28,0.242,0.226,0.264,0.272,0.281,0.314,0.242,0.275,502210,Josh,Reddick,1987-02-19,HOU,22,Savannah,GA,USA,2009-07-31
Nick Castellanos,,,,,,,,,,,,,,,0.259,0.255,0.285,0.272,0.298,0.289,592206,Nick,Castellanos,1992-03-04,CIN,2,Davie,FL,USA,2013-09-01
Francisco Cervelli,,,,,,,,,,,0.271,,,,,0.295,0.264,0.249,0.259,,465041,Francisco,Cervelli,1986-03-06,MIA,29,Valencia,Carabobo,Venezuela,2008-09-18
Marwin Gonzalez,,,,,,,,,,,,,0.234,0.221,0.277,0.279,0.254,0.303,0.247,0.264,503556,Marwin,Gonzalez,1989-03-14,MIN,9,Puerto Ordaz,Bolivar,Venezuela,2012-04-06
Jon Jay,,,,,,,,,,,0.3,0.297,0.305,0.276,0.303,0.21,0.291,0.296,0.268,,445055,Jon,Jay,1985-03-15,ARI,9,Miami,FL,USA,2010-04-26
Chris Davis,,,,,,,,,0.285,0.238,,,0.27,0.286,0.196,0.262,0.221,0.215,0.168,0.179,448801,Chris,Davis,1986-03-17,BAL,19,Longview,TX,USA,2008-06-26
Jean Segura,,,,,,,,,,,,,,0.294,0.246,0.257,0.319,0.3,0.304,0.28,516416,Jean,Segura,1990-03-17,PHI,2,San Juan,SEE BIRTH COUNTRY,Dominican Republic,2012-07-24
J.T. Realmuto,,,,,,,,,,,,,,,,0.259,0.303,0.278,0.277,0.275,592663,J.T.,Realmuto,1991-03-18,PHI,10,Del City,OK,USA,2014-06-05
Dexter Fowler,,,,,,,,,,0.266,0.26,0.266,0.3,0.263,0.276,0.25,0.276,0.264,0.18,0.238,451594,Dexter,Fowler,1986-03-22,STL,25,Atlanta,GA,USA,2008-09-02
Starlin Castro,,,,,,,,,,,0.3,0.307,0.283,0.245,0.292,0.265,0.27,0.3,0.278,0.27,516770,Starlin,Castro,1990-03-24,WSH,14,Monte Cristi Province,SEE BIRTH COUNTRY,Dominican Republic,2010-05-07
Mike Zunino,,,,,,,,,,,,,,,0.199,0.174,,0.251,0.201,0.165,572287,Mike,Zunino,1991-03-25,TB,10,Cape Coral,FL,USA,2013-06-12
Buster Posey,,,,,,,,,,,0.305,,0.336,0.294,0.311,0.318,0.288,0.32,0.284,0.257,457763,Buster,Posey,1987-03-27,SF,28,Leesburg,GA,USA,2009-09-11
Jake Marisnick,,,,,,,,,,,,,,,0.249,0.236,0.209,0.243,0.211,0.233,545350,Jake,Marisnick,1991-03-30,NYM,16,Riverside,CA,USA,2013-07-23
Jeff Mathis,,,,,,,,,0.194,0.211,0.195,0.174,0.218,0.181,,,,,,0.158,425772,Jeff,Mathis,1983-03-31,TEX,2,Marianna,FL,USA,2005-08-12
Daniel Murphy,,,,,,,,,,0.266,,0.32,0.291,0.286,0.289,0.281,0.347,0.322,0.299,0.279,502517,Daniel,Murphy,1985-04-01,COL,9,Jacksonville,FL,USA,2008-08-02
Jay Bruce,,,,,,,,,0.254,0.223,0.281,0.256,0.252,0.262,0.217,0.226,0.25,0.254,0.223,0.216,457803,Jay,Bruce,1987-04-03,PHI,9,Beaumont,TX,USA,2008-05-27
Jason Kipnis,,,,,,,,,,,,,0.257,0.284,0.24,0.303,0.275,0.232,0.23,0.245,543401,Jason,Kipnis,1987-04-03,CHC,27,Northbrook,IL,USA,2011-07-22
Cameron Maybin,,,,,,,,,,,0.234,0.264,0.243,,0.235,0.267,0.315,0.228,0.249,0.285,457727,Cameron,Maybin,1987-04-04,CHC,15,Asheville,NC,USA,2007-08-17
Carlos Santana,,,,,,,,,,,,0.239,0.252,0.268,0.231,0.231,0.259,0.259,0.229,0.281,467793,Carlos,Santana,1986-04-08,CLE,41,Santo Domingo,SEE BIRTH COUNTRY,Dominican Republic,2010-06-11
Yonder Alonso,,,,,,,,,,,,,0.273,0.281,0.24,0.282,0.253,0.266,0.25,0.199,475174,Yonder,Alonso,1987-04-08,SD,23,Havana,SEE BIRTH COUNTRY,Cuba,2010-09-01
Lorenzo Cain,,,,,,,,,,,,,0.266,0.251,0.301,0.307,0.287,0.3,0.308,0.26,456715,Lorenzo,Cain,1986-04-13,MIL,6,Valdosta,GA,USA,2010-07-16
Adeiny Hechavarria,,,,,,,,,,,,,,0.227,0.276,0.281,0.236,0.261,0.247,0.241,588751,Adeiny,Hechavarria,1989-04-15,ATL,24,Santiago de Cuba,SEE BIRTH COUNTRY,Cuba,2012-08-04
Travis Shaw,,,,,,,,,,,,,,,,0.274,0.242,0.273,0.241,0.157,543768,Travis,Shaw,1990-04-16,TOR,6,Washington Court House,OH,USA,2015-05-08
Nolan Arenado,,,,,,,,,,,,,,0.267,0.287,0.287,0.294,0.309,0.297,0.315,571448,Nolan,Arenado,1991-04-16,COL,28,Newport Beach,CA,USA,2013-04-28
Jed Lowrie,,,,,,,,,0.258,,,0.252,0.244,0.29,0.249,0.222,0.263,0.277,0.267,,476704,Jed,Lowrie,1984-04-17,NYM,4,Salem,OR,USA,2008-04-15
Miguel Cabrera,,,,0.268,0.294,0.323,0.339,0.32,0.292,0.324,0.328,0.344,0.33,0.348,0.313,0.338,0.316,0.249,,0.282,408234,Miguel,Cabrera,1983-04-18,DET,24,Maracay,Aragua,Venezuela,2003-06-20
Jackie Bradley Jr.,,,,,,,,,,,,,,,0.198,0.249,0.267,0.245,0.234,0.225,598265,Jackie,Bradley Jr.,1990-04-19,BOS,19,Richmond,VA,USA,2013-04-01
Brandon Belt,,,,,,,,,,,,,0.275,0.289,0.243,0.28,0.275,0.241,0.253,0.234,474832,Brandon,Belt,1988-04-20,SF,9,Nacogdoches,TX,USA,2011-03-31
Joc Pederson,,,,,,,,,,,,,,,,0.21,0.246,0.212,0.248,0.249,592626,Joc,Pederson,1992-04-21,LAD,31,Palo Alto,CA,USA,2014-09-01
Dee Strange-Gordon,,,,,,,,,,,,0.304,0.228,,0.289,0.333,0.268,0.308,0.268,0.275,543829,Dee,Strange-Gordon,1988-04-22,SEA,9,Avon Park,FL,USA,2011-06-06
Kevin Kiermaier,,,,,,,,,,,,,,,0.263,0.263,0.246,0.276,0.217,0.228,595281,Kevin,Kiermaier,1990-04-22,TB,39,Fort Wayne,IN,USA,2013-09-30
Welington Castillo,,,,,,,,,,,,,,0.274,0.237,0.237,0.264,0.282,,0.209,456078,Welington,Castillo,1987-04-24,WSH,20,San Isidro,SEE BIRTH COUNTRY,Dominican Republic,2010-08-11
Jonathan Villar,,,,,,,,,,,,,,0.243,0.209,,0.285,0.241,0.26,0.274,542340,Jonathan,Villar,1991-05-02,TOR,30,La Vega,SEE BIRTH COUNTRY,Dominican Republic,2013-07-22
Salvador Perez,,,,,,,,,,,,,0.301,0.292,0.26,0.26,0.247,0.268,0.235,,521692,Salvador,Perez,1990-05-10,KC,13,Valencia,Carabobo,Venezuela,2011-08-10
Michael Brantley,,,,,,,,,,,0.246,0.266,0.288,0.284,0.327,0.31,,0.299,0.309,0.311,488726,Michael,Brantley,1987-05-15,HOU,23,Bellevue,WA,USA,2009-09-01
Matt Wieters,,,,,,,,,,0.288,0.249,0.262,0.249,0.235,,0.267,0.243,0.225,0.238,,446308,Matt,Wieters,1986-05-21,STL,32,Charleston,SC,USA,2009-05-29
Eric Sogard,,,,,,,,,,,,,,0.266,0.223,0.247,,0.273,,0.29,519299,Eric,Sogard,1986-05-22,MIL,7,Phoenix,AZ,USA,2010-09-14
Corey Dickerson,,,,,,,,,,,,,,,0.312,0.304,0.245,0.282,0.3,0.304,572816,Corey,Dickerson,1989-05-22,MIA,23,McComb,MS,USA,2013-06-22
Robinson Chirinos,,,,,,,,,,,,,,,0.239,0.232,,0.255,0.222,0.238,455139,Robinson,Chirinos,1984-06-05,NYM,26,Punto Fijo,Bolivar,Venezuela,2011-07-18
Anthony Rendon,,,,,,,,,,,,,,0.265,0.287,0.264,0.27,0.301,0.308,0.319,543685,Anthony,Rendon,1990-06-06,LAA,6,Houston,TX,USA,2013-04-21
Brock Holt,,,,,,,,,,,,,,,0.281,0.28,0.255,,0.277,0.297,571788,Brock,Holt,1988-06-11,WSH,27,Fort Worth,TX,USA,2012-09-01
Jonathan Lucroy,,,,,,,,,,,0.253,0.265,0.32,0.28,0.301,0.264,0.292,0.265,0.241,0.232,518960,Jonathan,Lucroy,1986-06-13,BOS,12,Eustis,FL,USA,2010-05-21
James McCann,,,,,,,,,,,,,,,,0.264,0.221,0.253,0.22,0.273,543510,James,McCann,1990-06-13,CHW,33,Santa Barbara,CA,USA,2014-09-01
Jason Castro,,,,,,,,,,,,,0.257,0.276,0.222,0.211,0.21,0.242,,0.232,488771,Jason,Castro,1987-06-18,SD,11,Castro Valley,CA,USA,2010-06-22
Nelson Cruz,,,,,,,,0.235,,0.26,0.318,0.263,0.26,0.266,0.271,0.302,0.287,0.288,0.256,0.311,443558,Nelson,Cruz,1980-07-01,MIN,23,Las Matas de Santa Cruz,SEE BIRTH COUNTRY,Dominican Republic,2005-09-17
Charlie Blackmon,,,,,,,,,,,,,,0.309,0.288,0.287,0.324,0.331,0.291,0.314,453568,Charlie,Blackmon,1986-07-01,COL,19,Dallas,TX,USA,2011-06-07
Manny Machado,,,,,,,,,,,,,,0.283,0.278,0.286,0.294,0.259,0.297,0.256,592518,Manny,Machado,1992-07-06,SD,13,Miami,FL,USA,2012-08-09
Josh Harrison,,,,,,,,,,,,,0.233,,0.315,0.287,0.283,0.272,0.25,,543281,Josh,Harrison,1987-07-08,WSH,5,Cincinnati,OH,USA,2011-05-31
Howie Kendrick,,,,,,,0.285,0.322,0.306,0.291,0.279,0.285,0.287,0.297,0.293,0.295,0.255,0.315,,0.344,435062,Howie,Kendrick,1983-07-12,WSH,47,Jacksonville,FL,USA,2006-04-26
Yadier Molina,,,,,,0.252,0.216,0.275,0.304,0.293,0.262,0.305,0.315,0.319,0.282,0.27,0.307,0.273,0.261,0.27,425877,Yadier,Molina,1982-07-13,STL,4,Bayamon,SEE BIRTH COUNTRY,Puerto Rico,2004-06-03
Shin-Soo Choo,,,,,,,,,0.309,0.3,0.3,0.259,0.283,0.285,0.242,0.276,,0.261,0.264,0.265,425783,Shin-Soo,Choo,1982-07-13,TEX,17,Busan,SEE BIRTH COUNTRY,South Korea,2005-04-21
DJ LeMahieu,,,,,,,,,,,,,0.297,0.28,0.267,0.301,0.348,0.31,0.276,0.327,518934,DJ,LeMahieu,1988-07-13,NYY,26,Visalia,CA,USA,2011-05-30
Derek Dietrich,,,,,,,,,,,,,,0.214,,0.256,0.279,0.249,0.265,0.187,518618,Derek,Dietrich,1989-07-18,TEX,32,Cleveland,OH,USA,2013-05-08
Yan Gomes,,,,,,,,,,,,,,0.294,0.278,0.231,0.167,0.232,0.266,0.223,543228,Yan,Gomes,1987-07-19,WSH,10,Sao Paulo,SEE BIRTH COUNTRY,Brazil,2012-05-17
Matt Joyce,,,,,,,,,0.252,,0.241,0.277,0.241,0.235,0.254,0.174,0.242,0.243,0.208,,459964,Matt,Joyce,1984-08-03,MIA,7,Tampa,FL,USA,2008-05-05
Wilmer Flores,,,,,,,,,,,,,,,0.251,0.263,0.267,0.271,0.267,0.317,527038,Wilmer,Flores,1991-08-06,SF,41,Valencia,Carabobo,Venezuela,2013-08-06
Mike Trout,,,,,,,,,,,,,0.326,0.323,0.287,0.299,0.315,0.306,0.312,0.291,545361,Mike,Trout,1991-08-07,LAA,27,Vineland,NJ,USA,2011-07-08
Anthony Rizzo,,,,,,,,,,,,,0.285,0.233,0.286,0.278,0.292,0.273,0.283,0.293,519203,Anthony,Rizzo,1989-08-08,CHC,44,Fort Lauderdale,FL,USA,2011-06-09
Jason Heyward,,,,,,,,,,,0.277,0.227,0.269,0.254,0.271,0.293,0.23,0.259,0.27,0.251,518792,Jason,Heyward,1989-08-09,CHC,22,Ridgewood,NJ,USA,2010-04-05
Wilson Ramos,,,,,,,,,,,,0.267,,0.272,0.267,0.229,0.307,0.26,0.306,0.288,467092,Wilson,Ramos,1987-08-10,NYM,40,Valencia,Carabobo,Venezuela,2010-05-02
Pablo Sandoval,,,,,,,,,,0.33,0.268,0.315,0.283,0.278,0.279,0.245,,0.22,0.248,0.268,467055,Pablo,Sandoval,1986-08-11,ATL,18,Puerto Cabello,Carabobo,Venezuela,2008-08-14
Chris Owings,,,,,,,,,,,,,,,0.261,0.227,0.277,0.268,0.206,,572008,Chris,Owings,1991-08-12,COL,12,Charleston,SC,USA,2013-09-03
Randal Grichuk,,,,,,,,,,,,,,,,0.276,0.24,0.238,0.245,0.232,545341,Randal,Grichuk,1991-08-13,TOR,15,Rosenberg,TX,USA,2014-04-28
David Peralta,,,,,,,,,,,,,,,0.286,0.312,,0.293,0.293,0.275,444482,David,Peralta,1987-08-14,ARI,6,Valencia,Carabobo,Venezuela,2014-06-01
Jarrod Dyson,,,,,,,,,,,,,0.26,0.258,0.269,,0.278,0.251,0.189,0.23,502481,Jarrod,Dyson,1984-08-15,CHW,32,McComb,MS,USA,2010-09-07
Delino DeShields,0.296,0.234,,,,,,,,,,,,,,0.261,,0.269,0.216,0.249,592261,Delino,DeShields,1992-08-16,CLE,0,Easton,MD,USA,2015-04-08
Dustin Pedroia,,,,,,,,0.317,0.326,0.296,0.288,0.307,0.29,0.301,0.278,0.291,0.318,0.293,,,456030,Dustin,Pedroia,1983-08-17,BOS,15,Woodland,CA,USA,2006-08-22
J.D. Martinez,,,,,,,,,,,,0.274,0.241,0.25,0.315,0.282,0.307,0.303,0.33,0.304,502110,J.D.,Martinez,1987-08-21,BOS,28,Miami,FL,USA,2011-07-30
Brett Gardner,,,,,,,,,,0.27,0.277,0.259,,0.273,0.256,0.259,0.261,0.264,0.236,0.251,458731,Brett,Gardner,1983-08-24,NYY,11,Holly Hill,SC,USA,2008-06-30
Justin Upton,,,,,,,,,0.25,0.3,0.273,0.289,0.28,0.263,0.27,0.251,0.246,0.273,0.257,0.215,457708,Justin,Upton,1987-08-25,LAA,10,Norfolk,VA,USA,2007-08-02
Elvis Andrus,,,,,,,,,,0.267,0.265,0.279,0.286,0.271,0.263,0.258,0.302,0.297,0.256,0.275,462101,Elvis,Andrus,1988-08-26,TEX,1,Maracay,Aragua,Venezuela,2009-04-06
Maikel Franco,,,,,,,,,,,,,,,,0.28,0.255,0.23,0.27,0.234,596748,Maikel,Franco,1992-08-26,KC,7,Azua,SEE BIRTH COUNTRY,Dominican Republic,2014-09-02
Jordy Mercer,,,,,,,,,,,,,,0.285,0.255,0.244,0.256,0.255,0.251,0.27,474568,Jordy,Mercer,1986-08-27,NYY,22,Taloga,OK,USA,2012-05-29
Andrelton Simmons,,,,,,,,,,,,,,0.248,0.244,0.265,0.281,0.278,0.292,0.264,592743,Andrelton,Simmons,1989-09-04,LAA,2,Mundo-Novo,SEE BIRTH COUNTRY,Curacao,2012-06-02
Mitch Moreland,,,,,,,,,,,,0.259,0.275,0.232,,0.278,0.233,0.246,0.245,0.252,519048,Mitch,Moreland,1985-09-06,SD,18,Amory,MS,USA,2010-07-29
Billy Hamilton,,,,,,,,,,,,,,,0.25,0.226,0.26,0.247,0.236,0.218,571740,Billy,Hamilton,1990-09-09,CHC,6,Taylorsville,MS,USA,2013-09-03
Joey Votto,,,,,,,,,0.297,0.322,0.324,0.309,0.337,0.305,0.255,0.314,0.326,0.32,0.284,0.261,458015,Joey,Votto,1983-09-10,CIN,19,Toronto,ON,Canada,2007-09-04
Paul Goldschmidt,,,,,,,,,,,,,0.286,0.302,0.3,0.321,0.297,0.297,0.29,0.26,502671,Paul,Goldschmidt,1987-09-10,STL,46,Wilmington,DE,USA,2011-08-01
Mike Moustakas,,,,,,,,,,,,0.263,0.242,0.233,0.212,0.284,,0.272,0.251,0.254,519058,Mike,Moustakas,1988-09-11,CIN,9,Los Angeles,CA,USA,2011-06-10
Freddie Freeman,,,,,,,,,,,,0.282,0.259,0.319,0.288,0.276,0.302,0.307,0.309,0.295,518692,Freddie,Freeman,1989-09-12,ATL,5,Fountain Valley,CA,USA,2010-09-01
Gregory Polanco,,,,,,,,,,,,,,,0.235,0.256,0.258,0.251,0.254,,570256,Gregory,Polanco,1991-09-14,PIT,25,Santo Domingo,SEE BIRTH COUNTRY,Dominican Republic,2014-06-10
Robbie Grossman,,,,,,,,,,,,,,0.268,0.233,,0.28,0.246,0.273,0.24,543257,Robbie,Grossman,1989-09-16,OAK,8,San Diego,CA,USA,2013-04-24
Marcus Semien,,,,,,,,,,,,,,,0.234,0.257,0.238,0.249,0.255,0.285,543760,Marcus,Semien,1990-09-17,OAK,10,San Francisco,CA,USA,2013-09-04
George Springer,,,,,,,,,,,,,,,0.231,0.276,0.261,0.283,0.265,0.292,543807,George,Springer,1989-09-19,HOU,4,New Britain,CT,USA,2014-04-16
Ian Desmond,,,,,,,,,,,0.269,0.253,0.292,0.28,0.255,0.233,0.285,0.274,0.236,0.255,435622,Ian,Desmond,1985-09-20,COL,20,Sarasota,FL,USA,2009-09-10
Carlos Correa,,,,,,,,,,,,,,,,0.279,0.274,0.315,0.239,0.279,621043,Carlos,Correa,1994-09-22,HOU,1,Ponce,SEE BIRTH COUNTRY,Puerto Rico,2015-06-08
Matt Kemp,,,,,,,,0.342,0.29,0.297,0.249,0.324,0.303,0.27,0.287,0.265,0.268,0.276,0.29,,461314,Matt,Kemp,1984-09-23,COL,25,Midwest City,OK,USA,2006-05-28
Jedd Gyorko,,,,,,,,,,,,,,0.249,0.21,0.247,0.243,0.272,0.262,,576397,Jedd,Gyorko,1988-09-23,MIL,5,Morgantown,WV,USA,2013-04-01
Ryan Zimmerman,,,,,,,0.287,0.266,0.283,0.292,0.307,0.289,0.282,0.275,0.28,0.249,0.218,0.303,0.264,,475582,Ryan,Zimmerman,1984-09-28,WSH,11,Washington,NC,USA,2005-09-01
Eddie Rosario,,,,,,,,,,,,,,,,0.267,0.269,0.29,0.288,0.276,592696,Eddie,Rosario,1991-09-28,MIN,20,Guayama,SEE BIRTH COUNTRY,Puerto Rico,2015-05-06
